Workbook

Sheet Introduction
A1: QHSE-03a Objectives Register and Dashboard
A2: Companion workbook to the Objectives, Targets and Goals Guide (QHSE-03a)
A4: Purpose
A5: This workbook is the live record of your QHSE objectives, targets and goals. It is designed to be reviewed monthly and at every SLT QHSE review (see QHSE-02, Section 4). It turns the guidance in the QHSE-03a guide into a working tool: a master register, a month by month progress tracker, a cascade view linking corporate objectives to department and team level activity, and a dashboard summarising status at a glance.
A11: How to use this workbook
A12: 1. | B12: Objectives Register: the master list of current QHSE objectives. Start here. Set up 5 to 10 objectives following the SMART framework and the worked examples in the QHSE-03a guide.
A13: 2. | B13: Progress Tracker: record a RAG status and short commentary for each objective every month. This is what drives the Dashboard.
A14: 3. | B14: Cascade View: record how corporate level objectives cascade to department and team level objectives, as described in the QHSE-03a guide, Section 4.
A15: 4. | B15: Dashboard: a summary view, automatically generated from the Progress Tracker, for use in SLT QHSE reviews.
A18: Key principle: an objectives register that never changes is a sign that it has stopped being used as a working tool. Update the Progress Tracker monthly, and revisit the Objectives Register at least quarterly to retire achieved objectives and add new ones.
A26: Commercial in Confidence | QHSE-03a Objectives Register and Dashboard | NucCol Fit For Nuclear Programme

Sheet Objectives Register
A1: QHSE Objectives Register
A2: The master list of current QHSE objectives. Each objective should be SMART (see QHSE-03a guide, Section 2), have a named owner, and where a lagging indicator is used, at least one leading indicator. Link strategic themes back to the QHSE-01 strategy on a page.
A5: Ref | B5: Objective | C5: Strategic theme (QHSE-01) | D5: Type | E5: Target / KPI | F5: Baseline | G5: Leading indicator(s) | H5: Owner | I5: Target date | J5: Measurement method | K5: Status
A6: OBJ-01 | B6: Reduce lost time accidents from 4 per year to 1 per year | C6: Building a proactive safety culture | D6: Lagging | E6: 1 LTA per year | F6: 4 LTAs per year | G6: Near miss reports per month (target average 8); toolbox talk attendance (target 90%) | H6: Health and Safety Manager | I6: 31/12/[year] | J6: Monthly accident log review | K6: On track
A7: OBJ-02 | B7: Achieve ISO 45001 certification | C7: Achieving or maintaining core certifications | D7: Milestone | E7: Certification achieved | F7: Not certified | G7: Internal audit completion rate (target 100%) | H7: QHSE Manager | I7: 30/09/[year] | J7: Stage 1 and Stage 2 audit reports, certificate issue | K7: On track
A8: OBJ-03 | B8: Reduce non-conformances at goods receipt by 20 percent versus prior year | C8: Reducing non-conformances and improving right first time performance | D8: Lagging | E8: 20% reduction in NCRs | F8: [Prior year NCR count] | G8: Goods receipt inspection completion rate (target 100%); supplier audits completed (target 4 per quarter) | H8: Quality Manager | I8: 31/03/[year] | J8: Quarterly NCR log analysis | K8: At risk
A9: OBJ-04 | B9: Increase near miss reporting culture | C9: Building a proactive safety culture | D9: Leading | E9: Increase near miss reports by 50% | F9: [Baseline average per month] | G9: Toolbox talks delivered per month (target 4) | H9: Operations Manager | I9: 30/06/[year] | J9: Monthly near miss log totals reviewed at SLT | K9: On track
A23: Commercial in Confidence | QHSE-03a Objectives Register and Dashboard | NucCol Fit For Nuclear Programme

Sheet Progress Tracker
A1: Monthly Progress Tracker
A2: Record a RAG status (Green / Amber / Red) and short commentary for each objective every month. This sheet drives the Dashboard. Add one row per objective per month.
A5: Month | B5: Objective ref | C5: Objective (short title) | D5: RAG status | E5: Progress commentary | F5: Action raised? (ref)
A6: [Month/Year] | B6: OBJ-01 | C6: Reduce lost time accidents | D6: Green | E6: Near miss reporting up to target; no LTAs this month.
A7: [Month/Year] | B7: OBJ-02 | C7: ISO 45001 certification | D7: Green | E7: Internal audit programme on schedule.
A8: [Month/Year] | B8: OBJ-03 | C8: Reduce NCRs at goods receipt | D8: Amber | E8: Supplier audits behind schedule; 1 of 4 completed this quarter. | F8: [Action ref]
A9: [Month/Year] | B9: OBJ-04 | C9: Increase near miss reporting | D9: Green | E9: Toolbox talks delivered as planned; reporting trending upward.
A67: Commercial in Confidence | QHSE-03a Objectives Register and Dashboard | NucCol Fit For Nuclear Programme

Sheet Cascade View
A1: Objective Cascade View
A2: Record how corporate level objectives cascade to department and team level objectives, following the approach and worked example in the QHSE-03a guide, Section 4. Not every corporate objective needs a full three level cascade.
A5: Corporate objective ref | B5: Level | C5: Cascaded objective | D5: Owner | E5: Target date | F5: Status
A6: OBJ-01 | B6: Corporate | C6: Reduce lost time accidents from 4 per year to 1 per year by 31 December [year]. | D6: Managing Director / SLT | E6: 31/12/[year] | F6: On track
A7: OBJ-01 | B7: Department (Production) | C7: Increase near miss reporting in production from average 2 to average 8 per month by 30 June [year], through weekly toolbox talks. | D7: Production Manager | E7: 30/06/[year] | F7: On track
A8: OBJ-01 | B8: Team (Shift A) | C8: Achieve 100% risk assessment review completion for Shift A's work areas by 31 March [year], logged in QHSE-04. | D8: Shift A Team Leader | E8: 31/03/[year] | F8: At risk
A27: Commercial in Confidence | QHSE-03a Objectives Register and Dashboard | NucCol Fit For Nuclear Programme

Sheet Dashboard
A1: QHSE Objectives Dashboard
A2: A summary view of current objective status, drawn from the most recent entries in the Progress Tracker. Use this view in SLT QHSE reviews (QHSE-02, Section 4).
A5: Objectives Register Summary
A6: Total objectives | B6: On track | C6: At risk | D6: Off track | E6: Achieved | F6: Retired
A7: =COUNTIF('Objectives Register'!A6:A21,"?*") | B7: =COUNTIF('Objectives Register'!K6:K21,"On track") | C7: =COUNTIF('Objectives Register'!K6:K21,"At risk") | D7: =COUNTIF('Objectives Register'!K6:K21,"Off track") | E7: =COUNTIF('Objectives Register'!K6:K21,"Achieved") | F7: =COUNTIF('Objectives Register'!K6:K21,"Retired")
A10: Objective Status Summary
A11: Ref | B11: Objective | C11: Type | D11: Owner | E11: Target date | F11: Status
A12: =IF('Objectives Register'!A6="","",'Objectives Register'!A6) | B12: =IF('Objectives Register'!B6="","",'Objectives Register'!B6) | C12: =IF('Objectives Register'!D6="","",'Objectives Register'!D6) | D12: =IF('Objectives Register'!H6="","",'Objectives Register'!H6) | E12: =IF('Objectives Register'!I6="","",'Objectives Register'!I6) | F12: =IF('Objectives Register'!K6="","",'Objectives Register'!K6)
A13: =IF('Objectives Register'!A7="","",'Objectives Register'!A7) | B13: =IF('Objectives Register'!B7="","",'Objectives Register'!B7) | C13: =IF('Objectives Register'!D7="","",'Objectives Register'!D7) | D13: =IF('Objectives Register'!H7="","",'Objectives Register'!H7) | E13: =IF('Objectives Register'!I7="","",'Objectives Register'!I7) | F13: =IF('Objectives Register'!K7="","",'Objectives Register'!K7)
A14: =IF('Objectives Register'!A8="","",'Objectives Register'!A8) | B14: =IF('Objectives Register'!B8="","",'Objectives Register'!B8) | C14: =IF('Objectives Register'!D8="","",'Objectives Register'!D8) | D14: =IF('Objectives Register'!H8="","",'Objectives Register'!H8) | E14: =IF('Objectives Register'!I8="","",'Objectives Register'!I8) | F14: =IF('Objectives Register'!K8="","",'Objectives Register'!K8)
A15: =IF('Objectives Register'!A9="","",'Objectives Register'!A9) | B15: =IF('Objectives Register'!B9="","",'Objectives Register'!B9) | C15: =IF('Objectives Register'!D9="","",'Objectives Register'!D9) | D15: =IF('Objectives Register'!H9="","",'Objectives Register'!H9) | E15: =IF('Objectives Register'!I9="","",'Objectives Register'!I9) | F15: =IF('Objectives Register'!K9="","",'Objectives Register'!K9)
A16: =IF('Objectives Register'!A10="","",'Objectives Register'!A10) | B16: =IF('Objectives Register'!B10="","",'Objectives Register'!B10) | C16: =IF('Objectives Register'!D10="","",'Objectives Register'!D10) | D16: =IF('Objectives Register'!H10="","",'Objectives Register'!H10) | E16: =IF('Objectives Register'!I10="","",'Objectives Register'!I10) | F16: =IF('Objectives Register'!K10="","",'Objectives Register'!K10)
A17: =IF('Objectives Register'!A11="","",'Objectives Register'!A11) | B17: =IF('Objectives Register'!B11="","",'Objectives Register'!B11) | C17: =IF('Objectives Register'!D11="","",'Objectives Register'!D11) | D17: =IF('Objectives Register'!H11="","",'Objectives Register'!H11) | E17: =IF('Objectives Register'!I11="","",'Objectives Register'!I11) | F17: =IF('Objectives Register'!K11="","",'Objectives Register'!K11)
A18: =IF('Objectives Register'!A12="","",'Objectives Register'!A12) | B18: =IF('Objectives Register'!B12="","",'Objectives Register'!B12) | C18: =IF('Objectives Register'!D12="","",'Objectives Register'!D12) | D18: =IF('Objectives Register'!H12="","",'Objectives Register'!H12) | E18: =IF('Objectives Register'!I12="","",'Objectives Register'!I12) | F18: =IF('Objectives Register'!K12="","",'Objectives Register'!K12)
A19: =IF('Objectives Register'!A13="","",'Objectives Register'!A13) | B19: =IF('Objectives Register'!B13="","",'Objectives Register'!B13) | C19: =IF('Objectives Register'!D13="","",'Objectives Register'!D13) | D19: =IF('Objectives Register'!H13="","",'Objectives Register'!H13) | E19: =IF('Objectives Register'!I13="","",'Objectives Register'!I13) | F19: =IF('Objectives Register'!K13="","",'Objectives Register'!K13)
A20: =IF('Objectives Register'!A14="","",'Objectives Register'!A14) | B20: =IF('Objectives Register'!B14="","",'Objectives Register'!B14) | C20: =IF('Objectives Register'!D14="","",'Objectives Register'!D14) | D20: =IF('Objectives Register'!H14="","",'Objectives Register'!H14) | E20: =IF('Objectives Register'!I14="","",'Objectives Register'!I14) | F20: =IF('Objectives Register'!K14="","",'Objectives Register'!K14)
A21: =IF('Objectives Register'!A15="","",'Objectives Register'!A15) | B21: =IF('Objectives Register'!B15="","",'Objectives Register'!B15) | C21: =IF('Objectives Register'!D15="","",'Objectives Register'!D15) | D21: =IF('Objectives Register'!H15="","",'Objectives Register'!H15) | E21: =IF('Objectives Register'!I15="","",'Objectives Register'!I15) | F21: =IF('Objectives Register'!K15="","",'Objectives Register'!K15)
A22: =IF('Objectives Register'!A16="","",'Objectives Register'!A16) | B22: =IF('Objectives Register'!B16="","",'Objectives Register'!B16) | C22: =IF('Objectives Register'!D16="","",'Objectives Register'!D16) | D22: =IF('Objectives Register'!H16="","",'Objectives Register'!H16) | E22: =IF('Objectives Register'!I16="","",'Objectives Register'!I16) | F22: =IF('Objectives Register'!K16="","",'Objectives Register'!K16)
A23: =IF('Objectives Register'!A17="","",'Objectives Register'!A17) | B23: =IF('Objectives Register'!B17="","",'Objectives Register'!B17) | C23: =IF('Objectives Register'!D17="","",'Objectives Register'!D17) | D23: =IF('Objectives Register'!H17="","",'Objectives Register'!H17) | E23: =IF('Objectives Register'!I17="","",'Objectives Register'!I17) | F23: =IF('Objectives Register'!K17="","",'Objectives Register'!K17)
... A27: =IF('Objectives Register'!A21="","",'Objectives Register'!A21) | B27: =IF('Objectives Register'!B21="","",'Objectives Register'!B21) | C27: =IF('Objectives Register'!D21="","",'Objectives Register'!D21) | D27: =IF('Objectives Register'!H21="","",'Objectives Register'!H21) | E27: =IF('Objectives Register'!I21="","",'Objectives Register'!I21) | F27: =IF('Objectives Register'!K21="","",'Objectives Register'!K21)
A49: Commercial in Confidence | QHSE-03a Objectives Register and Dashboard | NucCol Fit For Nuclear Programme
