Workbook

Sheet Instructions
A1: SUPPLIER PERFORMANCE AND SURVEILLANCE DASHBOARD
A2: NSS-06-EX-03 | NucCol | Nuclear Sector Specific - Supply Chain Readiness
A4: PURPOSE | B4: This workbook tracks the ongoing performance of approved nuclear suppliers and records all surveillance activities. It provides a structured basis for supplier performance reviews and supports the evidence requirement for ongoing oversight under TAG 77 and ISO 19443.
A5: PERFORMANCE DATA | B5: Record monthly performance data in the Performance Data sheet for each supplier. Scoring is on a 1-5 scale for each KPI. The Dashboard sheet provides a consolidated view and automatically calculates overall ratings.
A6: SURVEILLANCE LOG | B6: Record all surveillance visits, inspection attendance and document reviews in the Surveillance Log. This provides a complete audit trail of purchaser oversight activity.
A7: NCR TRACKER | B7: Log all Non-Conformance Reports raised against supplier deliveries. Track corrective action progress and verify close-out with objective evidence.
A8: PERFORMANCE RATINGS | B8: 5 = Excellent: consistently exceeds requirements. 4 = Good: meets requirements with minor issues. 3 = Satisfactory: generally meets requirements. 2 = Marginal: recurring minor issues or isolated major issue. 1 = Poor: significant failures requiring immediate action.

Sheet Performance Data
A1: SUPPLIER PERFORMANCE DATA
A2: Score each KPI 1-5 (5=Excellent, 1=Poor). Overall score and RAG calculated automatically.
A3: ASL Ref | B3: Supplier Name | C3: Period (Month/Year) | D3: On-Time Delivery (1-5) | E3: Quality: NCR Rate (1-5) | F3: Quality: Documentation (1-5) | G3: Responsiveness (1-5) | H3: Audit Cooperation (1-5) | I3: CFSI Compliance (1-5) | J3: Safety Culture Indicators (1-5) | K3: Overall Score | L3: RAG Status | M3: Review Date | N3: Reviewer
A4: ASL-001 | B4: [Supplier A] | C4: Jan 2025 | D4: 4 | E4: 4 | F4: 5 | G4: 4 | H4: 5 | I4: 5 | J4: 4 | K4: =ROUND(AVERAGE(D4:J4),1) | L4: =IF(K4>=4,"GREEN",IF(K4>=3,"AMBER","RED")) | M4: [Date] | N4: [Reviewer]
A5: ASL-001 | B5: [Supplier A] | C5: Feb 2025 | D5: 4 | E5: 3 | F5: 4 | G5: 4 | H5: 5 | I5: 5 | J5: 4 | K5: =ROUND(AVERAGE(D5:J5),1) | L5: =IF(K5>=4,"GREEN",IF(K5>=3,"AMBER","RED")) | M5: [Date] | N5: [Reviewer]
A6: ASL-001 | B6: [Supplier A] | C6: Mar 2025 | D6: 5 | E6: 4 | F6: 5 | G6: 5 | H6: 5 | I6: 5 | J6: 5 | K6: =ROUND(AVERAGE(D6:J6),1) | L6: =IF(K6>=4,"GREEN",IF(K6>=3,"AMBER","RED")) | M6: [Date] | N6: [Reviewer]
A7: ASL-002 | B7: [Supplier B] | C7: Jan 2025 | D7: 3 | E7: 3 | F7: 3 | G7: 3 | H7: 4 | I7: 4 | J7: 3 | K7: =ROUND(AVERAGE(D7:J7),1) | L7: =IF(K7>=4,"GREEN",IF(K7>=3,"AMBER","RED")) | M7: [Date] | N7: [Reviewer]
A8: ASL-002 | B8: [Supplier B] | C8: Feb 2025 | D8: 2 | E8: 3 | F8: 3 | G8: 3 | H8: 4 | I8: 4 | J8: 3 | K8: =ROUND(AVERAGE(D8:J8),1) | L8: =IF(K8>=4,"GREEN",IF(K8>=3,"AMBER","RED")) | M8: [Date] | N8: [Reviewer]
A9: ASL-003 | B9: [Supplier C] | C9: Jan 2025 | D9: 5 | E9: 5 | F9: 5 | G9: 5 | H9: 5 | I9: 5 | J9: 5 | K9: =ROUND(AVERAGE(D9:J9),1) | L9: =IF(K9>=4,"GREEN",IF(K9>=3,"AMBER","RED")) | M9: [Date] | N9: [Reviewer]
A10: ASL-003 | B10: [Supplier C] | C10: Feb 2025 | D10: 5 | E10: 5 | F10: 5 | G10: 5 | H10: 5 | I10: 5 | J10: 5 | K10: =ROUND(AVERAGE(D10:J10),1) | L10: =IF(K10>=4,"GREEN",IF(K10>=3,"AMBER","RED")) | M10: [Date] | N10: [Reviewer]
K11: =IF(D11="","",ROUND(AVERAGE(D11:J11),1)) | L11: =IF(K11="","",IF(K11>=4,"GREEN",IF(K11>=3,"AMBER","RED")))
K12: =IF(D12="","",ROUND(AVERAGE(D12:J12),1)) | L12: =IF(K12="","",IF(K12>=4,"GREEN",IF(K12>=3,"AMBER","RED")))
K13: =IF(D13="","",ROUND(AVERAGE(D13:J13),1)) | L13: =IF(K13="","",IF(K13>=4,"GREEN",IF(K13>=3,"AMBER","RED")))
K14: =IF(D14="","",ROUND(AVERAGE(D14:J14),1)) | L14: =IF(K14="","",IF(K14>=4,"GREEN",IF(K14>=3,"AMBER","RED")))
K15: =IF(D15="","",ROUND(AVERAGE(D15:J15),1)) | L15: =IF(K15="","",IF(K15>=4,"GREEN",IF(K15>=3,"AMBER","RED")))
K16: =IF(D16="","",ROUND(AVERAGE(D16:J16),1)) | L16: =IF(K16="","",IF(K16>=4,"GREEN",IF(K16>=3,"AMBER","RED")))
K17: =IF(D17="","",ROUND(AVERAGE(D17:J17),1)) | L17: =IF(K17="","",IF(K17>=4,"GREEN",IF(K17>=3,"AMBER","RED")))
K18: =IF(D18="","",ROUND(AVERAGE(D18:J18),1)) | L18: =IF(K18="","",IF(K18>=4,"GREEN",IF(K18>=3,"AMBER","RED")))
K19: =IF(D19="","",ROUND(AVERAGE(D19:J19),1)) | L19: =IF(K19="","",IF(K19>=4,"GREEN",IF(K19>=3,"AMBER","RED")))
K20: =IF(D20="","",ROUND(AVERAGE(D20:J20),1)) | L20: =IF(K20="","",IF(K20>=4,"GREEN",IF(K20>=3,"AMBER","RED")))
K21: =IF(D21="","",ROUND(AVERAGE(D21:J21),1)) | L21: =IF(K21="","",IF(K21>=4,"GREEN",IF(K21>=3,"AMBER","RED")))
K22: =IF(D22="","",ROUND(AVERAGE(D22:J22),1)) | L22: =IF(K22="","",IF(K22>=4,"GREEN",IF(K22>=3,"AMBER","RED")))
... K60: =IF(D60="","",ROUND(AVERAGE(D60:J60),1)) | L60: =IF(K60="","",IF(K60>=4,"GREEN",IF(K60>=3,"AMBER","RED")))

Sheet Surveillance Log
A1: SUPPLIER SURVEILLANCE AND INSPECTION LOG
A2: Surveillance Ref | B2: ASL Ref | C2: Supplier Name | D2: Activity Type | E2: Contract Ref | F2: Date of Activity | G2: Inspector Name | H2: ITP Ref / Activity | I2: Outcome | J2: Non-Conformances Identified | K2: Follow-Up Required | L2: Follow-Up Complete
A3: SUR-001 | B3: ASL-001 | C3: [Supplier A] | D3: Hold Point Inspection | E3: CON-001 | F3: 45730 | G3: [Inspector] | H3: ITP Rev 2, Step 14: Pressure Test | I3: PASS - Released for further processing | J3: 0 | K3: No | L3: N/A
A4: SUR-002 | B4: ASL-001 | C4: [Supplier A] | D4: Witness Point Inspection | E4: CON-001 | F4: 45716 | G4: [Inspector] | H4: ITP Rev 2, Step 10: Final dimensional inspection | I4: PASS with observation - minor burr on one flange face, supplier to clean before assembly | J4: 1 | K4: Yes | L4: Open - target 14/03/2025
A5: SUR-003 | B5: ASL-002 | C5: [Supplier B] | D5: Surveillance Visit | E5: CON-002 | F5: 45679 | G5: [Inspector] | H5: General in-process surveillance: welding and fabrication | I5: SATISFACTORY - good housekeeping. Welding procedures current. 1 minor observation on PPE compliance | J5: 1 | K5: Yes | L5: Closed 29/01/2025
A6: SUR-004 | B6: ASL-003 | C6: [Supplier C] | D6: Goods Receipt Inspection | E6: CON-001 | F6: 45736 | G6: [Inspector] | H6: GRI-CON001-003: Electrical cable assemblies | I6: ACCEPTED - all documents complete and correct. PMI test satisfactory. | J6: 0 | K6: No | L6: N/A

Sheet NCR Tracker
A1: NON-CONFORMANCE REPORT TRACKER
A2: NCR Ref | B2: ASL Ref | C2: Supplier Name | D2: Contract Ref | E2: NCR Date | F2: Description of Non-Conformance | G2: Classification | H2: Disposition | I2: Disposition Approved By | J2: CAP Submitted Date | K2: CAP Due Date | L2: Closed Date | M2: Status
A3: NCR-001 | B3: ASL-001 | C3: [Supplier A] | D3: CON-001 | E3: 45716 | F3: Burr on flange face - item does not meet finish specification Clause 6.2.4 | G3: Minor | H3: Rework: supplier to remove burr and resubmit for inspection | I3: [Name] | J3: 45720 | K3: 45730 | M3: OPEN
A4: NCR-002 | B4: ASL-002 | C4: [Supplier B] | D4: CON-002 | E4: 45675 | F4: Weld procedure revision W-201 Rev 3 used. Only W-201 Rev 2 was approved on ITP | G4: Major | H4: Rework not required: engineering assessment confirms Rev 3 changes do not affect weld quality. Procedure re-approval raised | I4: [Name] | J4: 45681 | K4: 45695 | L4: 45694 | M4: CLOSED
M5: =IF(A5="","",IF(L5="","OPEN","CLOSED"))
M6: =IF(A6="","",IF(L6="","OPEN","CLOSED"))
M7: =IF(A7="","",IF(L7="","OPEN","CLOSED"))
M8: =IF(A8="","",IF(L8="","OPEN","CLOSED"))
M9: =IF(A9="","",IF(L9="","OPEN","CLOSED"))
M10: =IF(A10="","",IF(L10="","OPEN","CLOSED"))
M11: =IF(A11="","",IF(L11="","OPEN","CLOSED"))
M12: =IF(A12="","",IF(L12="","OPEN","CLOSED"))
M13: =IF(A13="","",IF(L13="","OPEN","CLOSED"))
M14: =IF(A14="","",IF(L14="","OPEN","CLOSED"))
M15: =IF(A15="","",IF(L15="","OPEN","CLOSED"))
M16: =IF(A16="","",IF(L16="","OPEN","CLOSED"))
... M60: =IF(A60="","",IF(L60="","OPEN","CLOSED"))

Sheet Dashboard
A1: SUPPLIER PERFORMANCE DASHBOARD
A2: Summary view drawing from Performance Data, Surveillance Log and NCR Tracker.
A4: Total Surveillance Activities | C4: Total NCRs Raised | E4: Open NCRs | G4: Major NCRs | I4: Suppliers at RED Performance
A5: =COUNTA('Surveillance Log'!A3:A80) | C5: =COUNTA('NCR Tracker'!A3:A60) | E5: =COUNTIF('NCR Tracker'!M3:M60,"OPEN") | G5: =COUNTIF('NCR Tracker'!G3:G60,"Major") | I5: =COUNTIF('Performance Data'!L4:L60,"RED")
A7: SUPPLIER PERFORMANCE SUMMARY (LATEST MONTH)
A8: ASL Ref | B8: Supplier Name | C8: Delivery | D8: Quality (NCR) | E8: Quality (Docs) | F8: Responsiveness | G8: Audit Coop | H8: CFSI | I8: Safety Culture | J8: Overall
A9: 1 | B9: [Supplier A] | C9: =IFERROR(AVERAGEIF('Performance Data'!A4:A60,A9,'Performance Data'!D4:D60),"") | D9: =IFERROR(AVERAGEIF('Performance Data'!A4:A60,A9,'Performance Data'!E4:E60),"") | E9: =IFERROR(AVERAGEIF('Performance Data'!A4:A60,A9,'Performance Data'!F4:F60),"") | F9: =IFERROR(AVERAGEIF('Performance Data'!A4:A60,A9,'Performance Data'!G4:G60),"") | G9: =IFERROR(AVERAGEIF('Performance Data'!A4:A60,A9,'Performance Data'!H4:H60),"") | H9: =IFERROR(AVERAGEIF('Performance Data'!A4:A60,A9,'Performance Data'!I4:I60),"") | I9: =IFERROR(AVERAGEIF('Performance Data'!A4:A60,A9,'Performance Data'!J4:J60),"") | J9: =IFERROR(AVERAGEIF('Performance Data'!A4:A60,A9,'Performance Data'!K4:K60),"")
A10: 1 | B10: [Supplier B] | C10: =IFERROR(AVERAGEIF('Performance Data'!A4:A60,A10,'Performance Data'!D4:D60),"") | D10: =IFERROR(AVERAGEIF('Performance Data'!A4:A60,A10,'Performance Data'!E4:E60),"") | E10: =IFERROR(AVERAGEIF('Performance Data'!A4:A60,A10,'Performance Data'!F4:F60),"") | F10: =IFERROR(AVERAGEIF('Performance Data'!A4:A60,A10,'Performance Data'!G4:G60),"") | G10: =IFERROR(AVERAGEIF('Performance Data'!A4:A60,A10,'Performance Data'!H4:H60),"") | H10: =IFERROR(AVERAGEIF('Performance Data'!A4:A60,A10,'Performance Data'!I4:I60),"") | I10: =IFERROR(AVERAGEIF('Performance Data'!A4:A60,A10,'Performance Data'!J4:J60),"") | J10: =IFERROR(AVERAGEIF('Performance Data'!A4:A60,A10,'Performance Data'!K4:K60),"")
A11: 1 | B11: [Supplier C] | C11: =IFERROR(AVERAGEIF('Performance Data'!A4:A60,A11,'Performance Data'!D4:D60),"") | D11: =IFERROR(AVERAGEIF('Performance Data'!A4:A60,A11,'Performance Data'!E4:E60),"") | E11: =IFERROR(AVERAGEIF('Performance Data'!A4:A60,A11,'Performance Data'!F4:F60),"") | F11: =IFERROR(AVERAGEIF('Performance Data'!A4:A60,A11,'Performance Data'!G4:G60),"") | G11: =IFERROR(AVERAGEIF('Performance Data'!A4:A60,A11,'Performance Data'!H4:H60),"") | H11: =IFERROR(AVERAGEIF('Performance Data'!A4:A60,A11,'Performance Data'!I4:I60),"") | I11: =IFERROR(AVERAGEIF('Performance Data'!A4:A60,A11,'Performance Data'!J4:J60),"") | J11: =IFERROR(AVERAGEIF('Performance Data'!A4:A60,A11,'Performance Data'!K4:K60),"")
