Workbook

Sheet Instructions
A1: APPROVED SUPPLIER LIST AND QUALIFICATION REGISTER
A2: NSS-06-EX-01 | NucCol | Nuclear Sector Specific - Supply Chain Readiness
A4: PURPOSE | B4: This workbook is used to maintain and manage the Approved Supplier List (ASL) for nuclear procurement activities. It records the qualification status of all suppliers used on nuclear projects and tracks the ongoing oversight activities required to maintain their approved status.
A5: HOW TO USE | B5: Complete the ASL Register sheet for each approved supplier. Record qualification evidence in the Qualification Evidence sheet. Log audit activities in the Audit Log sheet. Use the Performance Dashboard for a consolidated view of supplier status.
A6: NUCLEAR REQUIREMENT | B6: TAG 77 requires purchasers to evaluate and confirm that suppliers have the organisational and technical capability, capacity and culture to deliver to specification. This register provides the documented evidence of that evaluation.
A7: APPROVAL STATUS | B7: Green = Approved and current. Amber = Conditionally approved or due for re-evaluation. Red = Suspended or approval expired. Use the Status column formulas which update automatically from the approval expiry date.
A8: REVIEW FREQUENCY | B8: Nuclear Grade 1 suppliers: audit every 12 months. Nuclear Grade 2 suppliers: audit every 18 months. Nuclear Grade 3 suppliers: audit every 24 months. Review triggered immediately on any significant quality event or change in supplier ownership.
A9: CFSI | B9: All approved suppliers must have documented CFSI controls. Column M on the ASL Register records whether CFSI procedures are in place and verified.

Sheet ASL Register
A1: APPROVED SUPPLIER LIST REGISTER
A2: [Company Name] | Nuclear Procurement | ASL-001
A3: ASL Ref | B3: Supplier Name | C3: Supplier Location | D3: Contact Name | E3: Contact Email | F3: Nuclear Grade | G3: Scope of Approval | H3: ISO Certification | I3: Cert Expiry | J3: Last Audit Date | K3: Next Audit Due | L3: Approval Expiry | M3: CFSI Procedures Verified | N3: Performance Rating | O3: Current Status | P3: Notes
A4: ASL-001 | B4: [Supplier Name] | C4: [Location] | D4: [Contact] | E4: [email@supplier.com] | F4: NSC2 | G4: Pressure vessels and piping components | H4: ISO 9001:2015 | I4: 46387 | J4: 45731 | K4: =IF(F4="NSC1",DATE(YEAR(J4)+1,MONTH(J4),DAY(J4)),IF(F4="NSC2",DATE(YEAR(J4)+1,MONTH(J4)+6,DAY(J4)),DATE(YEAR(J4)+2,MONTH(J4),DAY(J4)))) | L4: =DATE(YEAR(J4)+2,MONTH(J4),DAY(J4)) | M4: Yes | N4: 4/5 | O4: =IF(L4<TODAY(),"EXPIRED",IF(L4<TODAY()+90,"DUE SOON","APPROVED"))
A5: ASL-002 | B5: [Supplier Name] | C5: [Location] | D5: [Contact] | E5: [email@supplier.com] | F5: NSC3 | G5: Structural steelwork and support structures | H5: ISO 9001:2015 | I5: 46203 | J5: 45677 | K5: =IF(F5="NSC1",DATE(YEAR(J5)+1,MONTH(J5),DAY(J5)),IF(F5="NSC2",DATE(YEAR(J5)+1,MONTH(J5)+6,DAY(J5)),DATE(YEAR(J5)+2,MONTH(J5),DAY(J5)))) | L5: =DATE(YEAR(J5)+2,MONTH(J5),DAY(J5)) | M5: Yes | N5: 3/5 | O5: =IF(L5<TODAY(),"EXPIRED",IF(L5<TODAY()+90,"DUE SOON","APPROVED"))
A6: ASL-003 | B6: [Supplier Name] | C6: [Location] | D6: [Contact] | E6: [email@supplier.com] | F6: NSC1 | G6: Instrumentation and control equipment | H6: ISO 19443:2018 | I6: 46112 | J6: 45604 | K6: =IF(F6="NSC1",DATE(YEAR(J6)+1,MONTH(J6),DAY(J6)),IF(F6="NSC2",DATE(YEAR(J6)+1,MONTH(J6)+6,DAY(J6)),DATE(YEAR(J6)+2,MONTH(J6),DAY(J6)))) | L6: =DATE(YEAR(J6)+2,MONTH(J6),DAY(J6)) | M6: Yes | N6: 5/5 | O6: =IF(L6<TODAY(),"EXPIRED",IF(L6<TODAY()+90,"DUE SOON","APPROVED"))
K7: =IF(J7="","",IF(F7="NSC1",DATE(YEAR(J7)+1,MONTH(J7),DAY(J7)),IF(F7="NSC2",DATE(YEAR(J7)+1,MONTH(J7)+6,DAY(J7)),DATE(YEAR(J7)+2,MONTH(J7),DAY(J7))))) | L7: =IF(J7="","",DATE(YEAR(J7)+2,MONTH(J7),DAY(J7))) | O7: =IF(L7="","",IF(L7<TODAY(),"EXPIRED",IF(L7<TODAY()+90,"DUE SOON","APPROVED")))
K8: =IF(J8="","",IF(F8="NSC1",DATE(YEAR(J8)+1,MONTH(J8),DAY(J8)),IF(F8="NSC2",DATE(YEAR(J8)+1,MONTH(J8)+6,DAY(J8)),DATE(YEAR(J8)+2,MONTH(J8),DAY(J8))))) | L8: =IF(J8="","",DATE(YEAR(J8)+2,MONTH(J8),DAY(J8))) | O8: =IF(L8="","",IF(L8<TODAY(),"EXPIRED",IF(L8<TODAY()+90,"DUE SOON","APPROVED")))
K9: =IF(J9="","",IF(F9="NSC1",DATE(YEAR(J9)+1,MONTH(J9),DAY(J9)),IF(F9="NSC2",DATE(YEAR(J9)+1,MONTH(J9)+6,DAY(J9)),DATE(YEAR(J9)+2,MONTH(J9),DAY(J9))))) | L9: =IF(J9="","",DATE(YEAR(J9)+2,MONTH(J9),DAY(J9))) | O9: =IF(L9="","",IF(L9<TODAY(),"EXPIRED",IF(L9<TODAY()+90,"DUE SOON","APPROVED")))
K10: =IF(J10="","",IF(F10="NSC1",DATE(YEAR(J10)+1,MONTH(J10),DAY(J10)),IF(F10="NSC2",DATE(YEAR(J10)+1,MONTH(J10)+6,DAY(J10)),DATE(YEAR(J10)+2,MONTH(J10),DAY(J10))))) | L10: =IF(J10="","",DATE(YEAR(J10)+2,MONTH(J10),DAY(J10))) | O10: =IF(L10="","",IF(L10<TODAY(),"EXPIRED",IF(L10<TODAY()+90,"DUE SOON","APPROVED")))
K11: =IF(J11="","",IF(F11="NSC1",DATE(YEAR(J11)+1,MONTH(J11),DAY(J11)),IF(F11="NSC2",DATE(YEAR(J11)+1,MONTH(J11)+6,DAY(J11)),DATE(YEAR(J11)+2,MONTH(J11),DAY(J11))))) | L11: =IF(J11="","",DATE(YEAR(J11)+2,MONTH(J11),DAY(J11))) | O11: =IF(L11="","",IF(L11<TODAY(),"EXPIRED",IF(L11<TODAY()+90,"DUE SOON","APPROVED")))
K12: =IF(J12="","",IF(F12="NSC1",DATE(YEAR(J12)+1,MONTH(J12),DAY(J12)),IF(F12="NSC2",DATE(YEAR(J12)+1,MONTH(J12)+6,DAY(J12)),DATE(YEAR(J12)+2,MONTH(J12),DAY(J12))))) | L12: =IF(J12="","",DATE(YEAR(J12)+2,MONTH(J12),DAY(J12))) | O12: =IF(L12="","",IF(L12<TODAY(),"EXPIRED",IF(L12<TODAY()+90,"DUE SOON","APPROVED")))
K13: =IF(J13="","",IF(F13="NSC1",DATE(YEAR(J13)+1,MONTH(J13),DAY(J13)),IF(F13="NSC2",DATE(YEAR(J13)+1,MONTH(J13)+6,DAY(J13)),DATE(YEAR(J13)+2,MONTH(J13),DAY(J13))))) | L13: =IF(J13="","",DATE(YEAR(J13)+2,MONTH(J13),DAY(J13))) | O13: =IF(L13="","",IF(L13<TODAY(),"EXPIRED",IF(L13<TODAY()+90,"DUE SOON","APPROVED")))
K14: =IF(J14="","",IF(F14="NSC1",DATE(YEAR(J14)+1,MONTH(J14),DAY(J14)),IF(F14="NSC2",DATE(YEAR(J14)+1,MONTH(J14)+6,DAY(J14)),DATE(YEAR(J14)+2,MONTH(J14),DAY(J14))))) | L14: =IF(J14="","",DATE(YEAR(J14)+2,MONTH(J14),DAY(J14))) | O14: =IF(L14="","",IF(L14<TODAY(),"EXPIRED",IF(L14<TODAY()+90,"DUE SOON","APPROVED")))
K15: =IF(J15="","",IF(F15="NSC1",DATE(YEAR(J15)+1,MONTH(J15),DAY(J15)),IF(F15="NSC2",DATE(YEAR(J15)+1,MONTH(J15)+6,DAY(J15)),DATE(YEAR(J15)+2,MONTH(J15),DAY(J15))))) | L15: =IF(J15="","",DATE(YEAR(J15)+2,MONTH(J15),DAY(J15))) | O15: =IF(L15="","",IF(L15<TODAY(),"EXPIRED",IF(L15<TODAY()+90,"DUE SOON","APPROVED")))
K16: =IF(J16="","",IF(F16="NSC1",DATE(YEAR(J16)+1,MONTH(J16),DAY(J16)),IF(F16="NSC2",DATE(YEAR(J16)+1,MONTH(J16)+6,DAY(J16)),DATE(YEAR(J16)+2,MONTH(J16),DAY(J16))))) | L16: =IF(J16="","",DATE(YEAR(J16)+2,MONTH(J16),DAY(J16))) | O16: =IF(L16="","",IF(L16<TODAY(),"EXPIRED",IF(L16<TODAY()+90,"DUE SOON","APPROVED")))
K17: =IF(J17="","",IF(F17="NSC1",DATE(YEAR(J17)+1,MONTH(J17),DAY(J17)),IF(F17="NSC2",DATE(YEAR(J17)+1,MONTH(J17)+6,DAY(J17)),DATE(YEAR(J17)+2,MONTH(J17),DAY(J17))))) | L17: =IF(J17="","",DATE(YEAR(J17)+2,MONTH(J17),DAY(J17))) | O17: =IF(L17="","",IF(L17<TODAY(),"EXPIRED",IF(L17<TODAY()+90,"DUE SOON","APPROVED")))
K18: =IF(J18="","",IF(F18="NSC1",DATE(YEAR(J18)+1,MONTH(J18),DAY(J18)),IF(F18="NSC2",DATE(YEAR(J18)+1,MONTH(J18)+6,DAY(J18)),DATE(YEAR(J18)+2,MONTH(J18),DAY(J18))))) | L18: =IF(J18="","",DATE(YEAR(J18)+2,MONTH(J18),DAY(J18))) | O18: =IF(L18="","",IF(L18<TODAY(),"EXPIRED",IF(L18<TODAY()+90,"DUE SOON","APPROVED")))
... K30: =IF(J30="","",IF(F30="NSC1",DATE(YEAR(J30)+1,MONTH(J30),DAY(J30)),IF(F30="NSC2",DATE(YEAR(J30)+1,MONTH(J30)+6,DAY(J30)),DATE(YEAR(J30)+2,MONTH(J30),DAY(J30))))) | L30: =IF(J30="","",DATE(YEAR(J30)+2,MONTH(J30),DAY(J30))) | O30: =IF(L30="","",IF(L30<TODAY(),"EXPIRED",IF(L30<TODAY()+90,"DUE SOON","APPROVED")))

Sheet Qualification Evidence
A1: SUPPLIER QUALIFICATION EVIDENCE RECORD
A2: ASL Ref | B2: Supplier Name | C2: Evidence Type | D2: Document Reference | E2: Issue / Version | F2: Date of Evidence | G2: Verified By | H2: Verification Method | I2: Expiry Date | J2: Status | K2: Location of Evidence | L2: Notes
A3: ASL-001 | B3: [Supplier Name] | C3: ISO 9001 Certificate | D3: ISO-9001-2024-001 | E3: Issue 3 | F3: 15/01/2025 | G3: [Verifier Name] | H3: Certificate verification via UKAS register | I3: 31/12/2026 | J3: Current | K3: Supplier file | DMS ref: SCM-001
A4: ASL-001 | B4: [Supplier Name] | C4: Qualification Questionnaire | D4: QQ-ASL001-2025 | E4: v1 | F4: 20/01/2025 | G4: [Verifier Name] | H4: Desktop review by quality manager | I4: N/A | J4: Completed | K4: Supplier file | DMS ref: SCM-002
A5: ASL-001 | B5: [Supplier Name] | C5: CFSI Procedure Review | D5: CFSI-ASL001-Rev01 | E5: Rev 1 | F5: 20/01/2025 | G5: [Verifier Name] | H5: Document review during audit | I5: N/A | J5: Satisfactory | K5: Supplier file | DMS ref: SCM-003

Sheet Audit Log
A1: SUPPLIER AUDIT LOG
A2: Audit Ref | B2: ASL Ref | C2: Supplier Name | D2: Audit Type | E2: Audit Date | F2: Lead Auditor | G2: Technical Specialist | H2: Scope of Audit | I2: Major NCs Found | J2: Minor NCs Found | K2: Observations | L2: Outcome / Recommendation | M2: CAP Due Date | N2: CAP Closed Date
A3: AUD-2025-001 | B3: ASL-001 | C3: [Supplier Name] | D3: Qualification Audit | E3: 15/03/2025 | F3: [Lead Auditor] | G3: [Technical Specialist] | H3: Full QMS audit against ISO 9001 and nuclear requirements | I3: 0 | J3: 2 | K3: 1 | L3: Approved with minor CARs. Re-audit in 18 months. | M3: 15/06/2025
A4: AUD-2025-002 | B4: ASL-002 | C4: [Supplier Name] | D4: Surveillance Visit | E4: 20/01/2025 | F4: [Lead Auditor] | G4: N/A | H4: In-process surveillance: structural steel fabrication, welding, inspection | I4: 0 | J4: 0 | K4: 2 | L4: Satisfactory. No formal CARs raised. | M4: N/A | N4: N/A

Sheet Dashboard
A1: APPROVED SUPPLIER LIST - MANAGEMENT DASHBOARD
A2: Live status summary. Data draws from ASL Register sheet.
A4: Total Approved Suppliers | C4: Approvals Due for Renewal (90 days) | E4: Expired Approvals | G4: Audits Completed This Year | I4: Open CARs (CAP not closed)
A5: =COUNTIF('ASL Register'!O4:O30,"APPROVED") | C5: =COUNTIF('ASL Register'!O4:O30,"DUE SOON") | E5: =COUNTIF('ASL Register'!O4:O30,"EXPIRED") | G5: =COUNTIFS('Audit Log'!E3:E50,">="&DATE(YEAR(TODAY()),1,1),'Audit Log'!E3:E50,"<="&TODAY()) | I5: =COUNTIFS('Audit Log'!N3:N50,"")
A8: SUPPLIER STATUS SUMMARY
A9: ASL Ref | B9: Supplier Name | C9: Grade | D9: Last Audit | E9: Next Audit Due | F9: Approval Expiry | G9: CFSI Verified | H9: Performance | I9: Status
A10: ='ASL Register'!A4 | B10: ='ASL Register'!B4 | C10: ='ASL Register'!F4 | D10: ='ASL Register'!J4 | E10: ='ASL Register'!K4 | F10: ='ASL Register'!L4 | G10: ='ASL Register'!M4 | H10: ='ASL Register'!N4 | I10: ='ASL Register'!O4
A11: ='ASL Register'!A5 | B11: ='ASL Register'!B5 | C11: ='ASL Register'!F5 | D11: ='ASL Register'!J5 | E11: ='ASL Register'!K5 | F11: ='ASL Register'!L5 | G11: ='ASL Register'!M5 | H11: ='ASL Register'!N5 | I11: ='ASL Register'!O5
A12: ='ASL Register'!A6 | B12: ='ASL Register'!B6 | C12: ='ASL Register'!F6 | D12: ='ASL Register'!J6 | E12: ='ASL Register'!K6 | F12: ='ASL Register'!L6 | G12: ='ASL Register'!M6 | H12: ='ASL Register'!N6 | I12: ='ASL Register'!O6
A13: ='ASL Register'!A7 | B13: ='ASL Register'!B7 | C13: ='ASL Register'!F7 | D13: ='ASL Register'!J7 | E13: ='ASL Register'!K7 | F13: ='ASL Register'!L7 | G13: ='ASL Register'!M7 | H13: ='ASL Register'!N7 | I13: ='ASL Register'!O7
A14: ='ASL Register'!A8 | B14: ='ASL Register'!B8 | C14: ='ASL Register'!F8 | D14: ='ASL Register'!J8 | E14: ='ASL Register'!K8 | F14: ='ASL Register'!L8 | G14: ='ASL Register'!M8 | H14: ='ASL Register'!N8 | I14: ='ASL Register'!O8
A15: ='ASL Register'!A9 | B15: ='ASL Register'!B9 | C15: ='ASL Register'!F9 | D15: ='ASL Register'!J9 | E15: ='ASL Register'!K9 | F15: ='ASL Register'!L9 | G15: ='ASL Register'!M9 | H15: ='ASL Register'!N9 | I15: ='ASL Register'!O9
A16: ='ASL Register'!A10 | B16: ='ASL Register'!B10 | C16: ='ASL Register'!F10 | D16: ='ASL Register'!J10 | E16: ='ASL Register'!K10 | F16: ='ASL Register'!L10 | G16: ='ASL Register'!M10 | H16: ='ASL Register'!N10 | I16: ='ASL Register'!O10
A17: ='ASL Register'!A11 | B17: ='ASL Register'!B11 | C17: ='ASL Register'!F11 | D17: ='ASL Register'!J11 | E17: ='ASL Register'!K11 | F17: ='ASL Register'!L11 | G17: ='ASL Register'!M11 | H17: ='ASL Register'!N11 | I17: ='ASL Register'!O11
A18: ='ASL Register'!A12 | B18: ='ASL Register'!B12 | C18: ='ASL Register'!F12 | D18: ='ASL Register'!J12 | E18: ='ASL Register'!K12 | F18: ='ASL Register'!L12 | G18: ='ASL Register'!M12 | H18: ='ASL Register'!N12 | I18: ='ASL Register'!O12
A19: ='ASL Register'!A13 | B19: ='ASL Register'!B13 | C19: ='ASL Register'!F13 | D19: ='ASL Register'!J13 | E19: ='ASL Register'!K13 | F19: ='ASL Register'!L13 | G19: ='ASL Register'!M13 | H19: ='ASL Register'!N13 | I19: ='ASL Register'!O13
A20: ='ASL Register'!A14 | B20: ='ASL Register'!B14 | C20: ='ASL Register'!F14 | D20: ='ASL Register'!J14 | E20: ='ASL Register'!K14 | F20: ='ASL Register'!L14 | G20: ='ASL Register'!M14 | H20: ='ASL Register'!N14 | I20: ='ASL Register'!O14
A21: ='ASL Register'!A15 | B21: ='ASL Register'!B15 | C21: ='ASL Register'!F15 | D21: ='ASL Register'!J15 | E21: ='ASL Register'!K15 | F21: ='ASL Register'!L15 | G21: ='ASL Register'!M15 | H21: ='ASL Register'!N15 | I21: ='ASL Register'!O15
... A34: ='ASL Register'!A28 | B34: ='ASL Register'!B28 | C34: ='ASL Register'!F28 | D34: ='ASL Register'!J28 | E34: ='ASL Register'!K28 | F34: ='ASL Register'!L28 | G34: ='ASL Register'!M28 | H34: ='ASL Register'!N28 | I34: ='ASL Register'!O28
