Workbook

Sheet Risk Register
A1: DPM-07 · PROJECT RISK REGISTER
A4: Project: | H4: PID Reference: | M4: Date:
A5: Project Manager: | H5: Risk Owner: | M5: Next Review:
A7: Risk ID | B7: Category | C7: Risk Description | D7: Like- lihood (1–5) | E7: Im- pact (1–5) | F7: Risk Score | G7: Risk Level | H7: Current Controls / Mitigation | I7: Contingency Plan (if risk occurs) | J7: Owner | K7: Target Date | L7: Review Date | M7: Status | N7: Residual Likelihood | O7: Residual Impact | P7: Residual Score | Q7: Notes
A8: SCORING: Likelihood × Impact = Risk Score | 1–4 = Low | 5–9 = Medium | 10–25 = High | CATEGORIES: Technical · Schedule · Commercial · Resource · Quality · Compliance · IT Security · Reputational · H&S
A9: R001 | F9: =IF(OR(D9="",E9=""),"",D9*E9) | G9: =IF(F9="","",IF(F9>=10,"HIGH",IF(F9>=5,"MEDIUM","LOW"))) | P9: =IF(OR(N9="",O9=""),"",N9*O9)
A10: R002 | F10: =IF(OR(D10="",E10=""),"",D10*E10) | G10: =IF(F10="","",IF(F10>=10,"HIGH",IF(F10>=5,"MEDIUM","LOW"))) | P10: =IF(OR(N10="",O10=""),"",N10*O10)
A11: R003 | F11: =IF(OR(D11="",E11=""),"",D11*E11) | G11: =IF(F11="","",IF(F11>=10,"HIGH",IF(F11>=5,"MEDIUM","LOW"))) | P11: =IF(OR(N11="",O11=""),"",N11*O11)
A12: R004 | F12: =IF(OR(D12="",E12=""),"",D12*E12) | G12: =IF(F12="","",IF(F12>=10,"HIGH",IF(F12>=5,"MEDIUM","LOW"))) | P12: =IF(OR(N12="",O12=""),"",N12*O12)
A13: R005 | F13: =IF(OR(D13="",E13=""),"",D13*E13) | G13: =IF(F13="","",IF(F13>=10,"HIGH",IF(F13>=5,"MEDIUM","LOW"))) | P13: =IF(OR(N13="",O13=""),"",N13*O13)
A14: R006 | F14: =IF(OR(D14="",E14=""),"",D14*E14) | G14: =IF(F14="","",IF(F14>=10,"HIGH",IF(F14>=5,"MEDIUM","LOW"))) | P14: =IF(OR(N14="",O14=""),"",N14*O14)
A15: R007 | F15: =IF(OR(D15="",E15=""),"",D15*E15) | G15: =IF(F15="","",IF(F15>=10,"HIGH",IF(F15>=5,"MEDIUM","LOW"))) | P15: =IF(OR(N15="",O15=""),"",N15*O15)
A16: R008 | F16: =IF(OR(D16="",E16=""),"",D16*E16) | G16: =IF(F16="","",IF(F16>=10,"HIGH",IF(F16>=5,"MEDIUM","LOW"))) | P16: =IF(OR(N16="",O16=""),"",N16*O16)
A17: R009 | F17: =IF(OR(D17="",E17=""),"",D17*E17) | G17: =IF(F17="","",IF(F17>=10,"HIGH",IF(F17>=5,"MEDIUM","LOW"))) | P17: =IF(OR(N17="",O17=""),"",N17*O17)
A18: R010 | F18: =IF(OR(D18="",E18=""),"",D18*E18) | G18: =IF(F18="","",IF(F18>=10,"HIGH",IF(F18>=5,"MEDIUM","LOW"))) | P18: =IF(OR(N18="",O18=""),"",N18*O18)
A19: R011 | F19: =IF(OR(D19="",E19=""),"",D19*E19) | G19: =IF(F19="","",IF(F19>=10,"HIGH",IF(F19>=5,"MEDIUM","LOW"))) | P19: =IF(OR(N19="",O19=""),"",N19*O19)
A20: R012 | F20: =IF(OR(D20="",E20=""),"",D20*E20) | G20: =IF(F20="","",IF(F20>=10,"HIGH",IF(F20>=5,"MEDIUM","LOW"))) | P20: =IF(OR(N20="",O20=""),"",N20*O20)
... A43: R035 | F43: =IF(OR(D43="",E43=""),"",D43*E43) | G43: =IF(F43="","",IF(F43>=10,"HIGH",IF(F43>=5,"MEDIUM","LOW"))) | P43: =IF(OR(N43="",O43=""),"",N43*O43)

Sheet Risk Summary
A1: RISK SUMMARY DASHBOARD
A5: RISK ASSESSMENT MATRIX
B6: Impact 1 Insignificant | C6: Impact 2 Minor | D6: Impact 3 Moderate | E6: Impact 4 Major | F6: Impact 5 Critical
A7: Likelihood 5 Almost Certain | B7: 5 | C7: 10 | D7: 15 | E7: 20 | F7: 25
A8: Likelihood 4 Likely | B8: 4 | C8: 8 | D8: 12 | E8: 16 | F8: 20
A9: Likelihood 3 Possible | B9: 3 | C9: 6 | D9: 9 | E9: 12 | F9: 15
A10: Likelihood 2 Unlikely | B10: 2 | C10: 4 | D10: 6 | E10: 8 | F10: 10
A11: Likelihood 1 Rare | B11: 1 | C11: 2 | D11: 3 | E11: 4 | F11: 5
A13: LIVE RISK COUNTS — Auto-calculated from Register
A14: Total Open Risks | B14: =COUNTIF('Risk Register'!M9:M43,"Open")+COUNTIF('Risk Register'!M9:M43,"In Progress") | C14: High Risks (score ≥10) | D14: =COUNTIF('Risk Register'!F9:F43,">=10") | E14: Medium Risks (5–9) | F14: =COUNTIFS('Risk Register'!F9:F43,">="&5,'Risk Register'!F9:F43,"<="&9) | G14: Low Risks (score <5) | H14: =COUNTIFS('Risk Register'!F9:F43,">"&0,'Risk Register'!F9:F43,"<"&5) | I14: Closed Risks | J14: =COUNTIF('Risk Register'!M9:M43,"Closed")
