Workbook

Sheet Instructions
B2: NSS-03b | ISO 19443 GAP ANALYSIS TOOL
B4: PURPOSE | C4: This tool provides a structured clause-by-clause gap analysis of an organisation's current Quality Management System against the additional requirements of ISO 19443:2018 beyond ISO 9001:2015. It is the working document for progressing toward ISO 19443 alignment or certification.
B5: HOW TO USE | C5: Work through the Gap Analysis sheet with your quality manager and relevant operations and HR colleagues. For each ISO 19443 additional requirement, score your current position (0-3), identify any gap, and record the action needed to close it. Transfer priority actions to your CSIP.
B6: SCORING SCALE | C6: 0 = No evidence or process in place. 1 = Partial - something exists but is informal or incomplete. 2 = Developing - process in place but not fully consistent or embedded. 3 = Compliant - requirement fully met with documented evidence.
B7: GAP FLAG | C7: The Gap column auto-flags Yes if the score is below 3. Review all flagged gaps and prioritise closure actions.
B8: OWNERSHIP | C8: Nominate one person as owner of the overall gap analysis. Each individual action should have a named action owner and a target date for completion.
B9: RELATIONSHIP TO TRAINING | C9: This tool should be used in conjunction with NSS-03a Introduction to ISO 19443 Training Guide. The clause references in this tool correspond to the clause cards in that guide.
B10: REASSESSMENT | C10: Reassess your scores after completing each batch of improvement actions. Retain each completed version as a controlled record of your ISO 19443 journey.

Sheet Gap Analysis
B1: NSS-03b | ISO 19443 GAP ANALYSIS TOOL
B2: Company: | E2: Assessment Date: | G2: Assessed By: | I2: Version: 1.0
B3: Score: 0=Not in place | 1=Partial | 2=Developing | 3=Compliant | E3: Gap flagged automatically when score < 3. Use Action Tracker sheet to manage closure.
B4: Clause | C4: ISO 19443 Additional Requirement | D4: What This Requires (Summary) | E4: Score (0-3) | F4: Gap? | G4: Evidence / Current Status | H4: Gap Description / Action Needed | I4: Target Date
B5: 4.1 | C5: Nuclear Quality Culture | D5: Establish and maintain a nuclear quality culture with visible leadership commitment to quality as a nuclear safety priority | F5: =IF(E5="","",IF(E5<3,"Yes","No"))
B6: 4.3 | C6: ITNS Scope Determination | D6: Formally determine and document which products and services are Important to Nuclear Safety | F6: =IF(E6="","",IF(E6<3,"Yes","No"))
B7: 4.4 | C7: QMS for ITNS | D7: Ensure the QMS specifically addresses nuclear quality requirements across all ITNS activities | F7: =IF(E7="","",IF(E7<3,"Yes","No"))
B8: 5.1 | C8: Nuclear Safety Quality Leadership | D8: Top management shall demonstrate visible nuclear safety quality leadership beyond generic quality commitment | F8: =IF(E8="","",IF(E8<3,"Yes","No"))
B9: 5.3 | C9: Nuclear Quality Role and Authority | D9: Assign a named role with specific authority and independence for nuclear safety quality management | F9: =IF(E9="","",IF(E9<3,"Yes","No"))
B10: 6.1 | C10: Nuclear Risk-Based Thinking | D10: Risk assessments shall account for nuclear safety consequences of failure across the full facility lifecycle | F10: =IF(E10="","",IF(E10<3,"Yes","No"))
B11: 6.2 | C11: Nuclear Quality Objectives | D11: Quality objectives shall include nuclear-specific measures linked to ITNS performance and safety significance | F11: =IF(E11="","",IF(E11<3,"Yes","No"))
B12: 7.1.2 | C12: SQEP - Suitably Qualified and Experienced Personnel | D12: Persons performing ITNS work must be demonstrably SQEP for each task, with records of qualifications, experience, and authorisations | F12: =IF(E12="","",IF(E12<3,"Yes","No"))
B13: 7.1.5 | C13: Nuclear Measurement and Calibration | D13: Measuring equipment used on ITNS work must be calibrated, controlled, and traceable to national standards | F13: =IF(E13="","",IF(E13<3,"Yes","No"))
B14: 7.2 | C14: Nuclear-Specific Competence | D14: Competence shall be defined at activity level for ITNS work, not just role level | F14: =IF(E14="","",IF(E14<3,"Yes","No"))
B15: 7.4 | C15: Nuclear Communication | D15: Processes for communicating nuclear quality requirements internally and to the supply chain shall be defined | F15: =IF(E15="","",IF(E15<3,"Yes","No"))
B16: 7.5 | C16: Lifetime Quality Records | D16: ITNS quality records shall be retained for the lifetime of the nuclear facility or as otherwise specified (typically 40+ years) | F16: =IF(E16="","",IF(E16<3,"Yes","No"))
... B32: 10.2 | C32: Nuclear Corrective Action | D32: Corrective actions on nuclear quality issues shall be evaluated for safety significance and effectiveness verified | F32: =IF(E32="","",IF(E32<3,"Yes","No"))

Sheet Dashboard
B1: NSS-03b | ISO 19443 GAP ANALYSIS | Dashboard
B3: Metric | C3: Value
B4: Total Requirements Assessed | C4: =COUNTA('Gap Analysis'!E5:E32)
B5: Fully Compliant (Score 3) | C5: =COUNTIF('Gap Analysis'!E5:E32,3)
B6: Developing (Score 2) | C6: =COUNTIF('Gap Analysis'!E5:E32,2)
B7: Partial (Score 1) | C7: =COUNTIF('Gap Analysis'!E5:E32,1)
B8: Not in Place (Score 0) | C8: =COUNTIF('Gap Analysis'!E5:E32,0)
B9: Total Gaps Identified | C9: =COUNTIF('Gap Analysis'!F5:F32,"Yes")
B10: Overall Compliance % (Score 3 only) | C10: =IFERROR(TEXT(COUNTIF('Gap Analysis'!E5:E32,3)/COUNTA('Gap Analysis'!E5:E32),"0%"),"")
B11: Average Score Across All Requirements | C11: =IFERROR(AVERAGE('Gap Analysis'!E5:E32),"")
B14: COMPLIANCE BY ISO 19443 CLAUSE CLUSTER
B15: Context (Clauses 4.x) | C15: =IFERROR(AVERAGE('Gap Analysis'!E5:E7),"")
B16: Leadership (Clauses 5.x) | C16: =IFERROR(AVERAGE('Gap Analysis'!E8:E9),"")
B17: Planning (Clauses 6.x) | C17: =IFERROR(AVERAGE('Gap Analysis'!E10:E11),"")
B18: Support (Clauses 7.x) | C18: =IFERROR(AVERAGE('Gap Analysis'!E12:E17),"")
B19: Operation (Clauses 8.x) | C19: =IFERROR(AVERAGE('Gap Analysis'!E18:E27),"")
B20: Performance and Improvement (Clauses 9-10.x) | C20: =IFERROR(AVERAGE('Gap Analysis'!E28:E32),"")

Sheet Action Tracker
B1: NSS-03b | ISO 19443 GAP CLOSURE ACTION TRACKER
B3: Clause | C3: Gap Description | D3: Closure Action | E3: Owner | F3: Target Date | G3: Status
