Workbook

Sheet Instructions
B2: NSS-03e | NUCLEAR NON-CONFORMANCE REPORT AND TRACKER
B4: PURPOSE | C4: This workbook provides the nuclear-specific non-conformance reporting and tracking system required by ISO 19443 for ITNS work. It expands on generic NCR tools by including nuclear safety significance grading, formal disposition categories including concession management, and client notification requirements.
B5: BOUNDARY WITH GENERIC NCR TOOLS | C5: This system is for nuclear ITNS work only. Non-conformances on commercial, non-nuclear work should continue to use the company's standard NCR process. Where a non-conformance affects both nuclear and non-nuclear scope, the nuclear process takes precedence.
B6: NUCLEAR SAFETY SIGNIFICANCE | C6: Every nuclear NCR must be graded for nuclear safety significance: Grade 1 (potentially safety-significant, client notification required within 24 hours), Grade 2 (quality impact, no direct safety significance), Grade 3 (minor/administrative). Grade 1 NCRs must never be dispositioned without involving the client QA representative.
B7: DISPOSITION OPTIONS | C7: Rework: item brought back into conformance. Scrap: item destroyed and removed from the supply chain. Repair: non-standard repair carried out to approved procedure. Use As Is (Concession): item accepted in its non-conforming state with formal justification and client approval. Return to Supplier: item returned for supplier corrective action.
B8: CONCESSION REQUIREMENT | C8: Use As Is dispositions (concessions) require a formal technical justification documenting why the non-conformance does not affect the safety or functional performance of the item. Concessions must be approved by the Quality Lead and the client before the item is released. Concession records are lifetime quality records.
B9: CLOSURE VERIFICATION | C9: Every NCR must be closed with documented verification that the disposition has been completed satisfactorily. The verification must be signed off by the Quality Lead. Open NCRs must not be allowed to accumulate without active management.

Sheet NCR Log
B1: NSS-03e | NUCLEAR NON-CONFORMANCE REPORT AND TRACKER
B2: Company: | E2: Log Owner: | H2: Last Reviewed: | K2: Version: 1.0
B3: NCR Ref | C3: Contract / PO Ref | D3: Date Raised | E3: Non-Conformance Description | F3: Nuclear Safety Significance Grade | G3: Client Notified? | H3: Root Cause Category | I3: Disposition | J3: Concession Ref (if used) | K3: Corrective Action | L3: Owner | M3: Target Date | N3: Status | O3: Date Closed
B4: NCR-NUC-001 | C4: PO-2025-047 | D4: 45677 | E4: Material certificate received does not match heat number stamped on bar stock. Certificate shows heat 4X2201, bar stamped 4X2199. Discrepancy cannot be resolved with supplier. | F4: Grade 1 (Safety Significant) | G4: Yes - Within 24hrs | H4: Supplier Non-Conformance | I4: Scrap | K4: Material quarantined. New material ordered with enhanced verification. Supplier issued with formal corrective action request. | L4: Quality Lead | M4: 45691 | N4: Closed | O4: 45689
B5: NCR-NUC-002 | C5: PO-2025-047 | D5: 45692 | E5: Weld bead width on fillet weld #14 measures 4.8mm against minimum specified 5.0mm at three locations. Weld otherwise visually acceptable. | F5: Grade 2 (Quality Impact) | G5: Yes - Routine | H5: Human Error | I5: Use As Is (Concession required) | J5: CON-001 | K5: Formal concession raised. Stress calculation confirms 4.8mm bead still meets design loading requirements. Concession submitted to client for approval. Welder refresher training scheduled. | L5: Quality Lead | M5: 45702 | N5: Awaiting Concession Approval
B6: NCR-NUC-003 | C6: PO-2025-031 | D6: 45698 | E6: Calibration sticker on vernier calliper found expired by 3 days. Calliper had been used for dimensional checks on items 22-27. | F6: Grade 2 (Quality Impact) | G6: Yes - Routine | H6: Procedure Non-Compliance | I6: Rework | K6: Calliper removed from service immediately and sent for calibration. Items 22-27 re-inspected with calibrated equipment. All dimensions confirmed within tolerance. Calibration control procedure updated. | L6: QC Inspector | M6: 45705 | N6: Closed | O6: 45703
B7: =IF(D7<>"","NCR-NUC-"&TEXT(ROW()-3,"000"),"")
B8: =IF(D8<>"","NCR-NUC-"&TEXT(ROW()-3,"000"),"")
B9: =IF(D9<>"","NCR-NUC-"&TEXT(ROW()-3,"000"),"")
B10: =IF(D10<>"","NCR-NUC-"&TEXT(ROW()-3,"000"),"")
B11: =IF(D11<>"","NCR-NUC-"&TEXT(ROW()-3,"000"),"")
B12: =IF(D12<>"","NCR-NUC-"&TEXT(ROW()-3,"000"),"")
B13: =IF(D13<>"","NCR-NUC-"&TEXT(ROW()-3,"000"),"")
B14: =IF(D14<>"","NCR-NUC-"&TEXT(ROW()-3,"000"),"")
B15: =IF(D15<>"","NCR-NUC-"&TEXT(ROW()-3,"000"),"")
B16: =IF(D16<>"","NCR-NUC-"&TEXT(ROW()-3,"000"),"")
B17: =IF(D17<>"","NCR-NUC-"&TEXT(ROW()-3,"000"),"")
B18: =IF(D18<>"","NCR-NUC-"&TEXT(ROW()-3,"000"),"")
... B56: =IF(D56<>"","NCR-NUC-"&TEXT(ROW()-3,"000"),"")

Sheet Concession Register
B1: NSS-03e | CONCESSION REGISTER
B3: Concession Ref | C3: Linked NCR | D3: Date Raised | E3: Non-Conformance Description | F3: Technical Justification (Summary) | G3: Scope of Concession (item/batch) | H3: Client Approval Ref | I3: Date Approved | J3: Status

Sheet Dashboard
B1: NSS-03e | NCR DASHBOARD
B3: Metric | C3: Count
B4: Total NCRs Raised | C4: =COUNTA('NCR Log'!D4:D56)
B5: Grade 1 (Safety Significant) NCRs | C5: =COUNTIF('NCR Log'!F4:F56,"Grade 1 (Safety Significant)")
B6: Grade 2 (Quality Impact) NCRs | C6: =COUNTIF('NCR Log'!F4:F56,"Grade 2 (Quality Impact)")
B7: Grade 3 (Minor) NCRs | C7: =COUNTIF('NCR Log'!F4:F56,"Grade 3 (Minor)")
B8: Open NCRs | C8: =COUNTIF('NCR Log'!M4:M56,"Open")
B9: NCRs Awaiting Concession Approval | C9: =COUNTIF('NCR Log'!M4:M56,"Awaiting Concession Approval")
B10: Closed NCRs | C10: =COUNTIF('NCR Log'!M4:M56,"Closed")
B11: Use As Is Dispositions (Concessions) | C11: =COUNTIF('NCR Log'!I4:I56,"Use As Is (Concession required)")
B12: CFSI-Related NCRs | C12: =COUNTIF('NCR Log'!H4:H56,"CFSI Related")
B13: NCRs from Supplier Non-Conformance | C13: =COUNTIF('NCR Log'!H4:H56,"Supplier Non-Conformance")
