Workbook

Sheet Instructions
B2: NSS-01c | NUCLEAR SECTOR AWARENESS REGISTER | Instructions
B4: PURPOSE | C4: This register records nuclear sector awareness training completed by individuals across the organisation. It provides evidence of workforce awareness for the Nuclear Sector Specific (NSS) element of the F4N assessment and forms a live management tool for tracking training currency.
B5: HOW TO USE | C5: Complete the 'Register' sheet for each person who completes a nuclear sector awareness activity. Record every instance of awareness training, whether that is a formal course, an internal toolbox talk, an online module, or a briefing session. One row per person per activity.
B6: SUMMARY SHEET | C6: The 'Summary' sheet automatically calculates coverage statistics and highlights overdue refresher training. Review this monthly as part of your management routine.
B7: FREQUENCY | C7: Nuclear sector awareness training should be refreshed at least every two years for all staff involved in nuclear work. The register flags individuals whose training is approaching or past the refresh date.
B8: RAG STATUS | C8: Green = training current (more than 3 months to refresh date). Amber = approaching refresh (within 3 months). Red = overdue. Blank = not yet trained.
B9: DOCUMENT CONTROL | C9: Update the version number on the Summary sheet whenever a significant change is made to scope or content. Retain previous versions as controlled records.
B11: COLUMN GUIDE
B12: Column | C12: Field Name | D12: Description
B13: A | C13: Ref | D13: Auto-generated reference number
B14: B | C14: Full Name | D14: Employee full name
B15: C | C15: Job Title | D15: Job title or role
B16: D | C16: Department | D16: Department or team
B17: E | C17: Activity Title | D17: Name of the awareness activity or course
B18: F | C18: Activity Type | D18: Select from dropdown: Toolbox Talk / Internal Briefing / Online Module / External Course / Other
B19: G | C19: Delivery Method | D19: Face to Face / Remote / Self-Directed
B20: H | C20: Date Completed | D20: Date the activity was completed (DD/MM/YYYY)
B21: I | C21: Facilitator / Provider | D21: Name of the person who delivered it, or the external provider
B22: J | C22: Refresh Due | D22: Auto-calculated as 2 years from completion date
B23: K | C23: RAG Status | D23: Auto-calculated from today's date vs refresh due date
... B25: M | C25: Notes | D25: Any additional notes

Sheet Register
B1: NSS-01c | NUCLEAR SECTOR AWARENESS REGISTER
B2: Company: | F2: Review Date: | I2: Version: 1.0 | L2: Owner:
B3: Ref | C3: Full Name | D3: Job Title | E3: Department | F3: Activity Title | G3: Activity Type | H3: Delivery Method | I3: Date Completed | J3: Facilitator / Provider | K3: Refresh Due | L3: RAG Status | M3: Evidence Reference | N3: Notes
B4: NSS-AWR-001 | C4: John Smith | D4: Production Manager | E4: Operations | F4: Nuclear Sector Awareness | G4: Toolbox Talk | H4: Face to Face | I4: 45672 | J4: NSS Training Lead | K4: =IF(I4="","",DATE(YEAR(I4)+2,MONTH(I4),DAY(I4))) | L4: =IF(K4="","Not Trained",IF(TODAY()>K4,"OVERDUE",IF(K4-TODAY()<91,"DUE SOON","CURRENT")))
B5: NSS-AWR-002 | C5: Sarah Jones | D5: Quality Engineer | E5: Quality | F5: Nuclear Sector Awareness | G5: Internal Briefing | H5: Face to Face | I5: 45672 | J5: NSS Training Lead | K5: =IF(I5="","",DATE(YEAR(I5)+2,MONTH(I5),DAY(I5))) | L5: =IF(K5="","Not Trained",IF(TODAY()>K5,"OVERDUE",IF(K5-TODAY()<91,"DUE SOON","CURRENT")))
B6: NSS-AWR-003 | C6: Mike Taylor | D6: Buyer | E6: Supply Chain | F6: Nuclear Sector Awareness | G6: Online Module | H6: Self-Directed | I6: 45708 | J6: NucCol Portal | K6: =IF(I6="","",DATE(YEAR(I6)+2,MONTH(I6),DAY(I6))) | L6: =IF(K6="","Not Trained",IF(TODAY()>K6,"OVERDUE",IF(K6-TODAY()<91,"DUE SOON","CURRENT")))
B7: =IF(C7<>"","NSS-AWR-"&TEXT(ROW()-3,"000"),"") | K7: =IF(I7="","",DATE(YEAR(I7)+2,MONTH(I7),DAY(I7))) | L7: =IF(K7="","Not Trained",IF(TODAY()>K7,"OVERDUE",IF(K7-TODAY()<91,"DUE SOON","CURRENT")))
B8: =IF(C8<>"","NSS-AWR-"&TEXT(ROW()-3,"000"),"") | K8: =IF(I8="","",DATE(YEAR(I8)+2,MONTH(I8),DAY(I8))) | L8: =IF(K8="","Not Trained",IF(TODAY()>K8,"OVERDUE",IF(K8-TODAY()<91,"DUE SOON","CURRENT")))
B9: =IF(C9<>"","NSS-AWR-"&TEXT(ROW()-3,"000"),"") | K9: =IF(I9="","",DATE(YEAR(I9)+2,MONTH(I9),DAY(I9))) | L9: =IF(K9="","Not Trained",IF(TODAY()>K9,"OVERDUE",IF(K9-TODAY()<91,"DUE SOON","CURRENT")))
B10: =IF(C10<>"","NSS-AWR-"&TEXT(ROW()-3,"000"),"") | K10: =IF(I10="","",DATE(YEAR(I10)+2,MONTH(I10),DAY(I10))) | L10: =IF(K10="","Not Trained",IF(TODAY()>K10,"OVERDUE",IF(K10-TODAY()<91,"DUE SOON","CURRENT")))
B11: =IF(C11<>"","NSS-AWR-"&TEXT(ROW()-3,"000"),"") | K11: =IF(I11="","",DATE(YEAR(I11)+2,MONTH(I11),DAY(I11))) | L11: =IF(K11="","Not Trained",IF(TODAY()>K11,"OVERDUE",IF(K11-TODAY()<91,"DUE SOON","CURRENT")))
B12: =IF(C12<>"","NSS-AWR-"&TEXT(ROW()-3,"000"),"") | K12: =IF(I12="","",DATE(YEAR(I12)+2,MONTH(I12),DAY(I12))) | L12: =IF(K12="","Not Trained",IF(TODAY()>K12,"OVERDUE",IF(K12-TODAY()<91,"DUE SOON","CURRENT")))
B13: =IF(C13<>"","NSS-AWR-"&TEXT(ROW()-3,"000"),"") | K13: =IF(I13="","",DATE(YEAR(I13)+2,MONTH(I13),DAY(I13))) | L13: =IF(K13="","Not Trained",IF(TODAY()>K13,"OVERDUE",IF(K13-TODAY()<91,"DUE SOON","CURRENT")))
B14: =IF(C14<>"","NSS-AWR-"&TEXT(ROW()-3,"000"),"") | K14: =IF(I14="","",DATE(YEAR(I14)+2,MONTH(I14),DAY(I14))) | L14: =IF(K14="","Not Trained",IF(TODAY()>K14,"OVERDUE",IF(K14-TODAY()<91,"DUE SOON","CURRENT")))
B15: =IF(C15<>"","NSS-AWR-"&TEXT(ROW()-3,"000"),"") | K15: =IF(I15="","",DATE(YEAR(I15)+2,MONTH(I15),DAY(I15))) | L15: =IF(K15="","Not Trained",IF(TODAY()>K15,"OVERDUE",IF(K15-TODAY()<91,"DUE SOON","CURRENT")))
B16: =IF(C16<>"","NSS-AWR-"&TEXT(ROW()-3,"000"),"") | K16: =IF(I16="","",DATE(YEAR(I16)+2,MONTH(I16),DAY(I16))) | L16: =IF(K16="","Not Trained",IF(TODAY()>K16,"OVERDUE",IF(K16-TODAY()<91,"DUE SOON","CURRENT")))
B17: =IF(C17<>"","NSS-AWR-"&TEXT(ROW()-3,"000"),"") | K17: =IF(I17="","",DATE(YEAR(I17)+2,MONTH(I17),DAY(I17))) | L17: =IF(K17="","Not Trained",IF(TODAY()>K17,"OVERDUE",IF(K17-TODAY()<91,"DUE SOON","CURRENT")))
B18: =IF(C18<>"","NSS-AWR-"&TEXT(ROW()-3,"000"),"") | K18: =IF(I18="","",DATE(YEAR(I18)+2,MONTH(I18),DAY(I18))) | L18: =IF(K18="","Not Trained",IF(TODAY()>K18,"OVERDUE",IF(K18-TODAY()<91,"DUE SOON","CURRENT")))
... B53: =IF(C53<>"","NSS-AWR-"&TEXT(ROW()-3,"000"),"") | K53: =IF(I53="","",DATE(YEAR(I53)+2,MONTH(I53),DAY(I53))) | L53: =IF(K53="","Not Trained",IF(TODAY()>K53,"OVERDUE",IF(K53-TODAY()<91,"DUE SOON","CURRENT")))

Sheet Summary
B1: NSS-01c | NUCLEAR SECTOR AWARENESS | Summary Dashboard
B3: Metric | C3: Count | D3: % of Logged Records
B4: Total Records Logged | C4: =COUNTA(Register!C4:C53) | D4: =IF(C4=0,"",100&"%")
B5: Current (Training up to date) | C5: =COUNTIF(Register!L4:L53,"CURRENT") | D5: =IF(C4=0,"",TEXT(C5/C4,"0%"))
B6: Due Soon (within 3 months) | C6: =COUNTIF(Register!L4:L53,"DUE SOON") | D6: =IF(C4=0,"",TEXT(C6/C4,"0%"))
B7: Overdue | C7: =COUNTIF(Register!L4:L53,"OVERDUE") | D7: =IF(C4=0,"",TEXT(C7/C4,"0%"))
B8: Not Yet Trained | C8: =COUNTIF(Register!L4:L53,"Not Trained") | D8: =IF(C4=0,"",TEXT(C8/C4,"0%"))
B11: ACTION REQUIRED
B12: Individuals with Overdue Training | C12: Name | D12: Refresh Due | E12: Days Overdue
B13: =IFERROR(INDEX(Register!C$4:C$53,MATCH(SMALL(IF(Register!L$4:L$53="OVERDUE",ROW(Register!L$4:L$53)-3),1),ROW(Register!L$4:L$53)-3,0)),"") | C13: =IFERROR(INDEX(Register!C$4:C$53,MATCH(SMALL(IF(Register!L$4:L$53="OVERDUE",ROW(Register!L$4:L$53)-3),1),ROW(Register!L$4:L$53)-3,0)),"") | D13: =IFERROR(INDEX(Register!K$4:K$53,MATCH(SMALL(IF(Register!L$4:L$53="OVERDUE",ROW(Register!L$4:L$53)-3),1),ROW(Register!L$4:L$53)-3,0)),"") | E13: =IFERROR(IF(D13<>"",TODAY()-D13,""),"")
B14: =IFERROR(INDEX(Register!C$4:C$53,MATCH(SMALL(IF(Register!L$4:L$53="OVERDUE",ROW(Register!L$4:L$53)-3),2),ROW(Register!L$4:L$53)-3,0)),"") | C14: =IFERROR(INDEX(Register!C$4:C$53,MATCH(SMALL(IF(Register!L$4:L$53="OVERDUE",ROW(Register!L$4:L$53)-3),2),ROW(Register!L$4:L$53)-3,0)),"") | D14: =IFERROR(INDEX(Register!K$4:K$53,MATCH(SMALL(IF(Register!L$4:L$53="OVERDUE",ROW(Register!L$4:L$53)-3),2),ROW(Register!L$4:L$53)-3,0)),"") | E14: =IFERROR(IF(D14<>"",TODAY()-D14,""),"")
B15: =IFERROR(INDEX(Register!C$4:C$53,MATCH(SMALL(IF(Register!L$4:L$53="OVERDUE",ROW(Register!L$4:L$53)-3),3),ROW(Register!L$4:L$53)-3,0)),"") | C15: =IFERROR(INDEX(Register!C$4:C$53,MATCH(SMALL(IF(Register!L$4:L$53="OVERDUE",ROW(Register!L$4:L$53)-3),3),ROW(Register!L$4:L$53)-3,0)),"") | D15: =IFERROR(INDEX(Register!K$4:K$53,MATCH(SMALL(IF(Register!L$4:L$53="OVERDUE",ROW(Register!L$4:L$53)-3),3),ROW(Register!L$4:L$53)-3,0)),"") | E15: =IFERROR(IF(D15<>"",TODAY()-D15,""),"")
B16: =IFERROR(INDEX(Register!C$4:C$53,MATCH(SMALL(IF(Register!L$4:L$53="OVERDUE",ROW(Register!L$4:L$53)-3),4),ROW(Register!L$4:L$53)-3,0)),"") | C16: =IFERROR(INDEX(Register!C$4:C$53,MATCH(SMALL(IF(Register!L$4:L$53="OVERDUE",ROW(Register!L$4:L$53)-3),4),ROW(Register!L$4:L$53)-3,0)),"") | D16: =IFERROR(INDEX(Register!K$4:K$53,MATCH(SMALL(IF(Register!L$4:L$53="OVERDUE",ROW(Register!L$4:L$53)-3),4),ROW(Register!L$4:L$53)-3,0)),"") | E16: =IFERROR(IF(D16<>"",TODAY()-D16,""),"")
B17: =IFERROR(INDEX(Register!C$4:C$53,MATCH(SMALL(IF(Register!L$4:L$53="OVERDUE",ROW(Register!L$4:L$53)-3),5),ROW(Register!L$4:L$53)-3,0)),"") | C17: =IFERROR(INDEX(Register!C$4:C$53,MATCH(SMALL(IF(Register!L$4:L$53="OVERDUE",ROW(Register!L$4:L$53)-3),5),ROW(Register!L$4:L$53)-3,0)),"") | D17: =IFERROR(INDEX(Register!K$4:K$53,MATCH(SMALL(IF(Register!L$4:L$53="OVERDUE",ROW(Register!L$4:L$53)-3),5),ROW(Register!L$4:L$53)-3,0)),"") | E17: =IFERROR(IF(D17<>"",TODAY()-D17,""),"")
B18: =IFERROR(INDEX(Register!C$4:C$53,MATCH(SMALL(IF(Register!L$4:L$53="OVERDUE",ROW(Register!L$4:L$53)-3),6),ROW(Register!L$4:L$53)-3,0)),"") | C18: =IFERROR(INDEX(Register!C$4:C$53,MATCH(SMALL(IF(Register!L$4:L$53="OVERDUE",ROW(Register!L$4:L$53)-3),6),ROW(Register!L$4:L$53)-3,0)),"") | D18: =IFERROR(INDEX(Register!K$4:K$53,MATCH(SMALL(IF(Register!L$4:L$53="OVERDUE",ROW(Register!L$4:L$53)-3),6),ROW(Register!L$4:L$53)-3,0)),"") | E18: =IFERROR(IF(D18<>"",TODAY()-D18,""),"")
B19: =IFERROR(INDEX(Register!C$4:C$53,MATCH(SMALL(IF(Register!L$4:L$53="OVERDUE",ROW(Register!L$4:L$53)-3),7),ROW(Register!L$4:L$53)-3,0)),"") | C19: =IFERROR(INDEX(Register!C$4:C$53,MATCH(SMALL(IF(Register!L$4:L$53="OVERDUE",ROW(Register!L$4:L$53)-3),7),ROW(Register!L$4:L$53)-3,0)),"") | D19: =IFERROR(INDEX(Register!K$4:K$53,MATCH(SMALL(IF(Register!L$4:L$53="OVERDUE",ROW(Register!L$4:L$53)-3),7),ROW(Register!L$4:L$53)-3,0)),"") | E19: =IFERROR(IF(D19<>"",TODAY()-D19,""),"")
B20: =IFERROR(INDEX(Register!C$4:C$53,MATCH(SMALL(IF(Register!L$4:L$53="OVERDUE",ROW(Register!L$4:L$53)-3),8),ROW(Register!L$4:L$53)-3,0)),"") | C20: =IFERROR(INDEX(Register!C$4:C$53,MATCH(SMALL(IF(Register!L$4:L$53="OVERDUE",ROW(Register!L$4:L$53)-3),8),ROW(Register!L$4:L$53)-3,0)),"") | D20: =IFERROR(INDEX(Register!K$4:K$53,MATCH(SMALL(IF(Register!L$4:L$53="OVERDUE",ROW(Register!L$4:L$53)-3),8),ROW(Register!L$4:L$53)-3,0)),"") | E20: =IFERROR(IF(D20<>"",TODAY()-D20,""),"")
B21: =IFERROR(INDEX(Register!C$4:C$53,MATCH(SMALL(IF(Register!L$4:L$53="OVERDUE",ROW(Register!L$4:L$53)-3),9),ROW(Register!L$4:L$53)-3,0)),"") | C21: =IFERROR(INDEX(Register!C$4:C$53,MATCH(SMALL(IF(Register!L$4:L$53="OVERDUE",ROW(Register!L$4:L$53)-3),9),ROW(Register!L$4:L$53)-3,0)),"") | D21: =IFERROR(INDEX(Register!K$4:K$53,MATCH(SMALL(IF(Register!L$4:L$53="OVERDUE",ROW(Register!L$4:L$53)-3),9),ROW(Register!L$4:L$53)-3,0)),"") | E21: =IFERROR(IF(D21<>"",TODAY()-D21,""),"")
B22: =IFERROR(INDEX(Register!C$4:C$53,MATCH(SMALL(IF(Register!L$4:L$53="OVERDUE",ROW(Register!L$4:L$53)-3),10),ROW(Register!L$4:L$53)-3,0)),"") | C22: =IFERROR(INDEX(Register!C$4:C$53,MATCH(SMALL(IF(Register!L$4:L$53="OVERDUE",ROW(Register!L$4:L$53)-3),10),ROW(Register!L$4:L$53)-3,0)),"") | D22: =IFERROR(INDEX(Register!K$4:K$53,MATCH(SMALL(IF(Register!L$4:L$53="OVERDUE",ROW(Register!L$4:L$53)-3),10),ROW(Register!L$4:L$53)-3,0)),"") | E22: =IFERROR(IF(D22<>"",TODAY()-D22,""),"")
B23: =IFERROR(INDEX(Register!C$4:C$53,MATCH(SMALL(IF(Register!L$4:L$53="OVERDUE",ROW(Register!L$4:L$53)-3),11),ROW(Register!L$4:L$53)-3,0)),"") | C23: =IFERROR(INDEX(Register!C$4:C$53,MATCH(SMALL(IF(Register!L$4:L$53="OVERDUE",ROW(Register!L$4:L$53)-3),11),ROW(Register!L$4:L$53)-3,0)),"") | D23: =IFERROR(INDEX(Register!K$4:K$53,MATCH(SMALL(IF(Register!L$4:L$53="OVERDUE",ROW(Register!L$4:L$53)-3),11),ROW(Register!L$4:L$53)-3,0)),"") | E23: =IFERROR(IF(D23<>"",TODAY()-D23,""),"")
B24: =IFERROR(INDEX(Register!C$4:C$53,MATCH(SMALL(IF(Register!L$4:L$53="OVERDUE",ROW(Register!L$4:L$53)-3),12),ROW(Register!L$4:L$53)-3,0)),"") | C24: =IFERROR(INDEX(Register!C$4:C$53,MATCH(SMALL(IF(Register!L$4:L$53="OVERDUE",ROW(Register!L$4:L$53)-3),12),ROW(Register!L$4:L$53)-3,0)),"") | D24: =IFERROR(INDEX(Register!K$4:K$53,MATCH(SMALL(IF(Register!L$4:L$53="OVERDUE",ROW(Register!L$4:L$53)-3),12),ROW(Register!L$4:L$53)-3,0)),"") | E24: =IFERROR(IF(D24<>"",TODAY()-D24,""),"")
B25: =IFERROR(INDEX(Register!C$4:C$53,MATCH(SMALL(IF(Register!L$4:L$53="OVERDUE",ROW(Register!L$4:L$53)-3),13),ROW(Register!L$4:L$53)-3,0)),"") | C25: =IFERROR(INDEX(Register!C$4:C$53,MATCH(SMALL(IF(Register!L$4:L$53="OVERDUE",ROW(Register!L$4:L$53)-3),13),ROW(Register!L$4:L$53)-3,0)),"") | D25: =IFERROR(INDEX(Register!K$4:K$53,MATCH(SMALL(IF(Register!L$4:L$53="OVERDUE",ROW(Register!L$4:L$53)-3),13),ROW(Register!L$4:L$53)-3,0)),"") | E25: =IFERROR(IF(D25<>"",TODAY()-D25,""),"")
B26: =IFERROR(INDEX(Register!C$4:C$53,MATCH(SMALL(IF(Register!L$4:L$53="OVERDUE",ROW(Register!L$4:L$53)-3),14),ROW(Register!L$4:L$53)-3,0)),"") | C26: =IFERROR(INDEX(Register!C$4:C$53,MATCH(SMALL(IF(Register!L$4:L$53="OVERDUE",ROW(Register!L$4:L$53)-3),14),ROW(Register!L$4:L$53)-3,0)),"") | D26: =IFERROR(INDEX(Register!K$4:K$53,MATCH(SMALL(IF(Register!L$4:L$53="OVERDUE",ROW(Register!L$4:L$53)-3),14),ROW(Register!L$4:L$53)-3,0)),"") | E26: =IFERROR(IF(D26<>"",TODAY()-D26,""),"")
B27: =IFERROR(INDEX(Register!C$4:C$53,MATCH(SMALL(IF(Register!L$4:L$53="OVERDUE",ROW(Register!L$4:L$53)-3),15),ROW(Register!L$4:L$53)-3,0)),"") | C27: =IFERROR(INDEX(Register!C$4:C$53,MATCH(SMALL(IF(Register!L$4:L$53="OVERDUE",ROW(Register!L$4:L$53)-3),15),ROW(Register!L$4:L$53)-3,0)),"") | D27: =IFERROR(INDEX(Register!K$4:K$53,MATCH(SMALL(IF(Register!L$4:L$53="OVERDUE",ROW(Register!L$4:L$53)-3),15),ROW(Register!L$4:L$53)-3,0)),"") | E27: =IFERROR(IF(D27<>"",TODAY()-D27,""),"")
