Workbook

Sheet Introduction
A1: QHSE-04b Safety Culture Self-Assessment and Action Log
A2: Companion workbook to the Safety Culture Guide (QHSE-04b)
A4: Purpose
A5: This workbook supports a structured, honest self-assessment of safety culture against the ten traits of a healthy nuclear safety culture (INPO 12-012). It generates an action plan and a summary dashboard for use in SLT QHSE reviews. The assessment is most useful when carried out by a small group representing different levels and functions in the organisation, not just the management team.
A11: How to use this workbook
A12: 1. | B12: Self-Assessment: assess your organisation against each of the ten traits. For each, record a maturity level (1 to 5), the specific evidence for that rating, and any gaps. Work through one trait at a time.
A13: 2. | B13: Action Log: transfer improvement actions from the self-assessment into this live register. Assign owners and due dates. Review at every SLT QHSE meeting.
A14: 3. | B14: Dashboard: an automatically updated summary view of maturity ratings across all ten traits. Use this in SLT QHSE reviews and to track improvement over time.
A17: Key principle: be honest. A realistic assessment of where you are is far more useful than an optimistic one. The objective is not to score well but to understand what to work on next.
A26: Commercial in Confidence | QHSE-04b Safety Culture Self-Assessment | NucCol Fit For Nuclear Programme

Sheet Self-Assessment
A1: Safety Culture Self-Assessment
A2: Assess your organisation against each trait. For each, agree a maturity level (1 to 5), record the specific evidence for that rating, and identify gaps and priority actions.
A5: Maturity scale reference
A6: Level | B6: Description
A7: 1 Reactive | B7: Safety is addressed mainly after something goes wrong. Near miss reporting is low. Rules followed when someone is watching.
A8: 2 Managed | B8: Safety processes exist and are broadly followed but engagement is through compliance rather than genuine commitment.
A9: 3 Proactive | B9: Organisation actively looks for problems before they become incidents. Near miss reporting is encouraged and rising. Leaders visibly engaged.
A10: 4 Engaged | B10: Staff at all levels take personal ownership of safety. Questioning attitude is normal. Just culture understood and practised.
A11: 5 Embedded | B11: Safety culture is self-sustaining. Continuous learning from internal and external experience. Peer accountability is normal.
A14: Assessment
A15: Trait | B15: Trait description (summary) | C15: Maturity level (1-5) | D15: Evidence for this rating | E15: Gaps / what is missing | F15: Priority action? | G15: Actions (transfer to Action Log)
A16: Personal accountability | B16: All individuals take personal responsibility for safety. They do not wait to be told to stop an unsafe act or raise a concern.
A17: Questioning attitude | B17: Individuals avoid complacency and continuously challenge conditions, assumptions, and anomalies to identify discrepancies that might result in error.
A18: Safety communication | B18: Nuclear safety information flows freely and accurately up, down, and across the organisation. Safety discussions happen regularly, not only after incidents.
A19: Leadership accountability | B19: Leaders at all levels demonstrate commitment to safety through what they do, not only what they say. Visible in the workplace, reinforcing safe behaviour consistently.
A20: Conservative decision-making | B20: When faced with uncertainty, the organisation errs on the side of caution. A proposed action must be determined safe to proceed, not unsafe to stop.
A21: Respectful work environment | B21: Trust and respect permeate the organisation. Individuals are encouraged to voice concerns. Differing opinions are discussed fairly. Responses to concerns are timely and visible.
A22: Continuous learning | B22: The organisation actively seeks to learn from its own performance and from events across the industry. Lessons learned are translated into changed practice, not just filed.
A23: Problem identification and resolution | B23: Issues, near misses and non-conformances are identified, captured, evaluated, and resolved promptly. Recurring themes are escalated for root cause analysis.
A24: Environment for raising concerns | B24: A just culture exists. Individuals are not blamed for raising concerns or honest mistakes. The organisation actively encourages reporting and acts visibly on what is raised.
A25: Work processes | B25: Activities affecting nuclear safety are planned and executed using approved, controlled procedures. Pre-job briefings used for higher-risk activities. Changes managed through formal change control.
A27: Commercial in Confidence | QHSE-04b Safety Culture Self-Assessment | NucCol Fit For Nuclear Programme

Sheet Action Log
A1: Safety Culture Action Log
A2: Live register of improvement actions arising from the self-assessment. Transfer all priority actions from the Self-Assessment sheet here. Review at every SLT QHSE meeting.
A5: Ref | B5: Trait | C5: Action description | D5: Owner | E5: Date raised | F5: Due date | G5: Status | H5: Notes
A47: Commercial in Confidence | QHSE-04b Safety Culture Self-Assessment | NucCol Fit For Nuclear Programme

Sheet Dashboard
A1: Safety Culture Dashboard
A2: Summary view of maturity ratings across all ten traits, drawn from the Self-Assessment sheet.
A5: Action Log Summary
A6: Total actions | B6: Open | C6: In progress | D6: Complete | E6: Overdue
A7: =COUNTIF('Action Log'!A6:A45,"?*") | B7: =COUNTIF('Action Log'!G6:G45,"Open") | C7: =COUNTIF('Action Log'!G6:G45,"In progress") | D7: =COUNTIF('Action Log'!G6:G45,"Complete") | E7: =COUNTIF('Action Log'!G6:G45,"Overdue")
A10: Maturity Rating by Trait
A11: Trait | B11: Maturity level | C11: Assessment date
A12: ='Self-Assessment'!A16 | B12: =IF('Self-Assessment'!C16="","-",'Self-Assessment'!C16)
A13: ='Self-Assessment'!A17 | B13: =IF('Self-Assessment'!C17="","-",'Self-Assessment'!C17)
A14: ='Self-Assessment'!A18 | B14: =IF('Self-Assessment'!C18="","-",'Self-Assessment'!C18)
A15: ='Self-Assessment'!A19 | B15: =IF('Self-Assessment'!C19="","-",'Self-Assessment'!C19)
A16: ='Self-Assessment'!A20 | B16: =IF('Self-Assessment'!C20="","-",'Self-Assessment'!C20)
A17: ='Self-Assessment'!A21 | B17: =IF('Self-Assessment'!C21="","-",'Self-Assessment'!C21)
A18: ='Self-Assessment'!A22 | B18: =IF('Self-Assessment'!C22="","-",'Self-Assessment'!C22)
A19: ='Self-Assessment'!A23 | B19: =IF('Self-Assessment'!C23="","-",'Self-Assessment'!C23)
A20: ='Self-Assessment'!A24 | B20: =IF('Self-Assessment'!C24="","-",'Self-Assessment'!C24)
A21: ='Self-Assessment'!A25 | B21: =IF('Self-Assessment'!C25="","-",'Self-Assessment'!C25)
A25: Commercial in Confidence | QHSE-04b Safety Culture Self-Assessment | NucCol Fit For Nuclear Programme
