Workbook

Sheet Instructions
B2: NSS-07-05 | Information Security Risk Register
B3: Nuclear Collaboration Ltd | Fit For Nuclear Programme
B4: Version 1.0 | Commercial in Confidence
B7: PURPOSE
B8: This register is used to identify, assess, manage and monitor information security risks arising from
B9: nuclear supply chain activities. It covers risks related to data classification, cybersecurity, document
B10: control, IP protection and personnel security.
B12: HOW TO USE THIS REGISTER
B13: 1. Complete the Risk Register sheet for each identified information security risk.
B14: 2. Assign a risk owner from the leadership team.
B15: 3. Score likelihood and impact before controls (inherent risk) and after controls (residual risk).
B16: 4. Define controls and target residual risk scores.
... B24: 1-4 = LOW (Green), 5-9 = MEDIUM (Amber), 10-16 = HIGH (Red), 17-25 = CRITICAL (Dark Red)

Sheet Risk Register
A1: INFORMATION SECURITY RISK REGISTER | NSS-07-05
A2: [Company Name] | Nuclear Collaboration Ltd Fit For Nuclear Programme | Version 1.0
A3: Ref | B3: Risk Description | C3: Risk Category | D3: Risk Owner | E3: Likelihood (Inherent) | F3: Impact (Inherent) | G3: Inherent Risk Score | H3: Inherent RAG | I3: Current Controls | J3: Additional Actions Required | K3: Action Owner | L3: Target Date | M3: Likelihood (Residual) | N3: Impact (Residual) | O3: Residual Risk Score | P3: Residual RAG
A4: ISR-001 | B4: Sensitive nuclear programme documents are transmitted via unencrypted email to external parties, resulting in unauthorised access to RESTRICTED information. | C4: Document / Data | D4: Information Security Manager | E4: 3 | F4: 4 | G4: =E4*F4 | H4: HIGH | I4: Email policy prohibiting unencrypted transmission. Staff training on classification. Secure file transfer platform in use. | J4: Implement DLP controls on email gateway. Conduct quarterly phishing simulation to test compliance. | K4: IT Manager | M4: 2 | N4: 2 | O4: =M4*N4 | P4: LOW
A5: ISR-002 | B5: A phishing attack succeeds in compromising a user account that has access to nuclear programme systems, enabling unauthorised access or data exfiltration. | C5: Cybersecurity | D5: IT Manager | E5: 3 | F5: 5 | G5: =E5*F5 | H5: HIGH | I5: MFA required for all remote access. Annual security awareness training. Endpoint protection in place. | J5: Introduce automated phishing simulation quarterly. Review MFA coverage for all cloud services. | K5: IT Manager | M5: 2 | N5: 4 | O5: =M5*N5 | P5: MEDIUM
A6: ISR-003 | B6: Personnel are assigned to nuclear programme roles without completing the required BPSS or higher vetting, creating a personnel security risk. | C6: Personnel Security | D6: HR Manager | E6: 2 | F6: 4 | G6: =E6*F6 | H6: MEDIUM | I6: Vetting requirement confirmed at recruitment stage. Vetting Tracker maintained by HR. Conditional offers of employment. | J6: Automate vetting expiry alerts in Vetting Tracker. Add vetting check to project mobilisation checklist. | K6: HR Manager | M6: 1 | N6: 3 | O6: =M6*N6 | P6: LOW
A7: ISR-004 | B7: Intellectual property developed during a nuclear contract (novel process or tooling design) is transferred to the client under contract terms without [Company Name] retaining a licence, resulting in loss of competitive advantage. | C7: Intellectual Property | D7: Contract Manager | E7: 2 | F7: 4 | G7: =E7*F7 | H7: MEDIUM | I7: Contract review process includes IP clause identification. Legal review sought for contracts with IP provisions. | J7: Develop standard IP clause negotiation position. Ensure all contract reviews include IP checklist. | K7: Contract Manager | M7: 1 | N7: 3 | O7: =M7*N7 | P7: LOW
A8: ISR-005 | B8: A subcontractor or supplier is granted access to RESTRICTED nuclear programme data without a signed NDA or equivalent contractual protection. | C8: Third Party / Supply Chain | D8: Contract Manager | E8: 3 | F8: 4 | G8: =E8*F8 | H8: HIGH | I8: NDA template available. Contract review requires NDA check. Supplier qualification includes information security assessment. | J8: Create pre-contract checklist requiring NDA confirmation sign-off before data is shared. | K8: Contract Manager | M8: 2 | N8: 3 | O8: =M8*N8 | P8: MEDIUM
A9: ISR-006 | B9: A classified physical document is lost or removed from the workplace, potentially exposing sensitive nuclear programme information. | C9: Document / Data | D9: Quality Manager | E9: 2 | F9: 4 | G9: =E9*F9 | H9: MEDIUM | I9: Clear desk policy in place. Secure cabinets for RESTRICTED documents. Document log for physical distribution. | J9: Implement periodic clear desk audits. Review physical document log completeness quarterly. | K9: Facilities Manager | M9: 1 | N9: 3 | O9: =M9*N9 | P9: LOW
A10: ISR-007 | B10: Company IT systems holding nuclear programme data are infected by ransomware, causing loss of availability and potential data compromise. | C10: Cybersecurity | D10: IT Manager | E10: 2 | F10: 5 | G10: =E10*F10 | H10: HIGH | I10: Endpoint protection with ransomware detection. Daily encrypted backups. Restore testing quarterly. | J10: Test full recovery from backup in an exercise scenario. Review backup scope to include all project shares. | K10: IT Manager | M10: 1 | N10: 4 | O10: =M10*N10 | P10: LOW
A11: ISR-008 | B11: A leaver who held access to RESTRICTED nuclear programme information retains access credentials or physical copies of documents after departure. | C11: Personnel Security | D11: HR Manager | E11: 2 | F11: 4 | G11: =E11*F11 | H11: MEDIUM | I11: Leaver checklist includes IT access revocation and document return. IT confirms access removal in writing. | J11: Automate account disabling on leaver date. Add final confirmation step to HR leaver sign-off. | K11: HR Manager | M11: 1 | N11: 3 | O11: =M11*N11 | P11: LOW
A12: ISR-009 | B12: Classified nuclear documents are stored on personal devices or personal cloud accounts by employees working remotely, outside company security controls. | C12: Cybersecurity | D12: IT Manager | E12: 3 | F12: 4 | G12: =E12*F12 | H12: HIGH | I12: Policy prohibiting personal storage of classified data. MDM in place for enrolled devices. Training on acceptable use. | J12: Implement technical controls to prevent data transfer to personal cloud from managed devices. | K12: IT Manager | M12: 2 | N12: 3 | O12: =M12*N12 | P12: MEDIUM
A13: ISR-010 | B13: A visitor to company premises accesses sensitive nuclear programme documents or overhears confidential technical discussions. | C13: Physical Security | D13: Facilities Manager | E13: 2 | F13: 3 | G13: =E13*F13 | H13: MEDIUM | I13: Visitor escort policy in place. Visitor confidentiality acknowledgement signed at reception. | J13: Introduce visitor area sweep checklist. Conduct unannounced internal audit of visitor management compliance. | K13: Facilities Manager | M13: 1 | N13: 2 | O13: =M13*N13 | P13: LOW

Sheet Risk Matrix
A1: INFORMATION SECURITY RISK SCORING MATRIX
A2: Score = Likelihood x Impact | Use this matrix to determine RAG rating
A4: Likelihood / Impact | B4: 1 Negligible | C4: 2 Minor | D4: 3 Moderate | E4: 4 Major | F4: 5 Catastrophic
A5: 5 Almost Certain | B5: 5 | C5: 10 | D5: 15 | E5: 20 | F5: 25
A6: 4 Likely | B6: 4 | C6: 8 | D6: 12 | E6: 16 | F6: 20
A7: 3 Possible | B7: 3 | C7: 6 | D7: 9 | E7: 12 | F7: 15
A8: 2 Unlikely | B8: 2 | C8: 4 | D8: 6 | E8: 8 | F8: 10
A9: 1 Rare | B9: 1 | C9: 2 | D9: 3 | E9: 4 | F9: 5
A12: RAG STATUS GUIDE
A13: LOW (1-4) | B13: Risk is acceptable. Maintain current controls. Review annually.
A14: MEDIUM (5-9) | B14: Risk requires attention. Implement additional controls within 90 days. Review quarterly.
A15: HIGH (10-16) | B15: Risk is significant. Escalate to senior management. Immediate action plan required.
A16: CRITICAL (17-25) | B16: Risk is unacceptable. Stop or suspend activity if possible. Immediate escalation and action.

Sheet Summary Dashboard
A1: INFORMATION SECURITY RISK SUMMARY DASHBOARD
A2: Auto-calculated from Risk Register | Refresh to update counts
A4: Metric | B4: Inherent Risk | C4: Residual Risk
A5: CRITICAL Risks | B5: =COUNTIF('Risk Register'!H4:H30,"CRITICAL") | C5: =COUNTIF('Risk Register'!P4:P30,"CRITICAL")
A6: HIGH Risks | B6: =COUNTIF('Risk Register'!H4:H30,"HIGH") | C6: =COUNTIF('Risk Register'!P4:P30,"HIGH")
A7: MEDIUM Risks | B7: =COUNTIF('Risk Register'!H4:H30,"MEDIUM") | C7: =COUNTIF('Risk Register'!P4:P30,"MEDIUM")
A8: LOW Risks | B8: =COUNTIF('Risk Register'!H4:H30,"LOW") | C8: =COUNTIF('Risk Register'!P4:P30,"LOW")
A9: Total Risks Logged | B9: =COUNTA('Risk Register'!A4:A30) | C9: =COUNTA('Risk Register'!A4:A30)
