Workbook

Sheet Instructions
B2: NSS-02b | NUCLEAR SAFETY CULTURE SELF-ASSESSMENT AND IMPROVEMENT TRACKER
B4: PURPOSE | C4: This tracker provides a structured method to self-assess your organisation's nuclear safety culture against the five F4N Nuclear Sector Specific question topics and the ten INPO/WANO safety culture traits described in NSS-02a. It is a working improvement tool, not a one-off compliance exercise.
B5: HOW TO USE | C5: Complete the F4N Question Scoring sheet first, using the same 0/2/7/10 scoring scale used in the F4N assessment itself. Then complete the Ten Trait Assessment sheet to assess maturity against each individual trait. Use the Improvement Actions sheet to track what you are doing to close any gaps identified.
B6: SCORING SCALE (F4N QUESTIONS) | C6: 0 = No evidence or awareness. 2 = Some awareness but inconsistent practical application. 7 = Strong understanding and application with some gaps remaining. 10 = Comprehensive, fully embedded across the organisation. This mirrors the scoring used in the live F4N Nuclear Sector Specific assessment.
B7: SCORING SCALE (TEN TRAITS) | C7: Each trait is rated 1-5 for maturity: 1 = Not yet established, 2 = Awareness only, 3 = Partially embedded, 4 = Substantially embedded, 5 = Fully embedded and continuously reinforced. This finer-grained scale supports more targeted improvement planning between formal F4N reassessments.
B8: REVIEW FREQUENCY | C8: Complete a full self-assessment at least annually, and whenever preparing for an F4N assessment or reassessment. Review the Improvement Actions sheet at least quarterly as part of a management or safety meeting.
B9: OWNERSHIP | C9: This tracker should be owned by a director or senior manager with responsibility for nuclear safety culture, supported by input from across the organisation rather than completed by one person in isolation.
B10: RELATIONSHIP TO OTHER TOOLS | C10: This tracker assesses safety culture maturity specifically. It does not replace generic QHSE self-assessment tools used elsewhere in the toolkit, and should not duplicate generic H&S or quality scoring. Use alongside NSS-02a (Training Guide), NSS-02d (Near Miss and OPEX Log), and NSS-02e (Just Culture Framework).

Sheet F4N Question Scoring
B1: NSS-02b | F4N NUCLEAR SAFETY CULTURE QUESTION SCORING
B2: Company: | E2: Assessment Date: | G2: Assessed By:
B3: Question Topic | C3: Question | D3: Score (0/2/7/10) | E3: Rating | F3: Evidence / Rationale | G3: Gap? | H3: Notes
B4: Principles of a Strong Safety Culture | C4: Does your organisation understand the principles of a strong safety culture in the nuclear sector? | E4: =IF(D4="","",IF(D4=10,"Comprehensive",IF(D4=7,"Strong, gaps remain",IF(D4=2,"Some awareness","No evidence"))))
B5: Leadership and Behaviour for Safety | C5: Does your organisation exhibit the necessary behaviours and leadership to support a strong safety culture? | E5: =IF(D5="","",IF(D5=10,"Comprehensive",IF(D5=7,"Strong, gaps remain",IF(D5=2,"Some awareness","No evidence"))))
B6: Incident and Near Miss Learning | C6: Does your organisation learn from incidents and near misses to improve safety performance? | E6: =IF(D6="","",IF(D6=10,"Comprehensive",IF(D6=7,"Strong, gaps remain",IF(D6=2,"Some awareness","No evidence"))))
B7: Just and Reporting Culture | C7: Does your organisation foster a just culture and encourage transparent reporting of safety concerns? | E7: =IF(D7="","",IF(D7=10,"Comprehensive",IF(D7=7,"Strong, gaps remain",IF(D7=2,"Some awareness","No evidence"))))
B8: Continuous Improvement in Safety Culture | C8: Does your organisation actively seek and implement continuous improvements in safety culture? | E8: =IF(D8="","",IF(D8=10,"Comprehensive",IF(D8=7,"Strong, gaps remain",IF(D8=2,"Some awareness","No evidence"))))
B10: AVERAGE SCORE | D10: =IFERROR(AVERAGE(D4:D8),"")

Sheet Ten Trait Assessment
B1: NSS-02b | TEN TRAIT MATURITY ASSESSMENT
B2: Company: | E2: Assessment Date: | G2: Maturity scale: 1 = Not established, 2 = Awareness only, 3 = Partial, 4 = Substantial, 5 = Fully embedded
B4: Code | C4: Trait | D4: Category | E4: Maturity (1-5) | F4: Rating | G4: Evidence / Rationale | H4: Owner | I4: Next Review
B5: IR | C5: Individual Responsibility | D5: Individual Commitment to Safety | F5: =IF(E5="","",IF(E5=5,"Fully Embedded",IF(E5=4,"Substantial",IF(E5=3,"Partial",IF(E5=2,"Awareness Only","Not Established")))))
B6: QA | C6: Questioning Attitude | D6: Individual Commitment to Safety | F6: =IF(E6="","",IF(E6=5,"Fully Embedded",IF(E6=4,"Substantial",IF(E6=3,"Partial",IF(E6=2,"Awareness Only","Not Established")))))
B7: CO | C7: Communication | D7: Individual Commitment to Safety | F7: =IF(E7="","",IF(E7=5,"Fully Embedded",IF(E7=4,"Substantial",IF(E7=3,"Partial",IF(E7=2,"Awareness Only","Not Established")))))
B8: LR | C8: Leader Responsibility | D8: Management Commitment to Safety | F8: =IF(E8="","",IF(E8=5,"Fully Embedded",IF(E8=4,"Substantial",IF(E8=3,"Partial",IF(E8=2,"Awareness Only","Not Established")))))
B9: DM | C9: Decision-Making | D9: Management Commitment to Safety | F9: =IF(E9="","",IF(E9=5,"Fully Embedded",IF(E9=4,"Substantial",IF(E9=3,"Partial",IF(E9=2,"Awareness Only","Not Established")))))
B10: WE | C10: Work Environment | D10: Management Commitment to Safety | F10: =IF(E10="","",IF(E10=5,"Fully Embedded",IF(E10=4,"Substantial",IF(E10=3,"Partial",IF(E10=2,"Awareness Only","Not Established")))))
B11: CL | C11: Continuous Learning | D11: Management Systems | F11: =IF(E11="","",IF(E11=5,"Fully Embedded",IF(E11=4,"Substantial",IF(E11=3,"Partial",IF(E11=2,"Awareness Only","Not Established")))))
B12: PI | C12: Problem Identification and Resolution | D12: Management Systems | F12: =IF(E12="","",IF(E12=5,"Fully Embedded",IF(E12=4,"Substantial",IF(E12=3,"Partial",IF(E12=2,"Awareness Only","Not Established")))))
B13: RC | C13: Raising Concerns | D13: Management Systems | F13: =IF(E13="","",IF(E13=5,"Fully Embedded",IF(E13=4,"Substantial",IF(E13=3,"Partial",IF(E13=2,"Awareness Only","Not Established")))))
B14: WP | C14: Work Planning | D14: Management Systems | F14: =IF(E14="","",IF(E14=5,"Fully Embedded",IF(E14=4,"Substantial",IF(E14=3,"Partial",IF(E14=2,"Awareness Only","Not Established")))))
B16: OVERALL AVERAGE MATURITY | E16: =IFERROR(AVERAGE(E5:E14),"")
B18: AVERAGE MATURITY BY CATEGORY
B19: Individual Commitment to Safety | E19: =IFERROR(AVERAGE(E5:E7),"")
B20: Management Commitment to Safety | E20: =IFERROR(AVERAGE(E8:E10),"")
B21: Management Systems | E21: =IFERROR(AVERAGE(E11:E14),"")

Sheet Improvement Actions
B1: NSS-02b | SAFETY CULTURE IMPROVEMENT ACTIONS
B2: Company: | E2: Last Reviewed:
B3: Trait / Topic | C3: Gap Identified | D3: Improvement Action | E3: Owner | F3: Target Date | G3: Status | H3: Date Closed
B4: RC - Raising Concerns | C4: Staff are unaware of an alternative route to raise concerns outside their direct line manager | D4: Establish and communicate an independent route for raising nuclear safety concerns, separate from normal line management | E4: HR Manager | F4: 31/03/2025 | G4: In Progress
B5: DM - Decision-Making | C5: Decisions involving risk are not consistently recorded with rationale | D5: Introduce a simple decision log for any decision involving a deviation from standard process on nuclear work | E5: Quality Manager | F5: 30/04/2025 | G5: Open
B6: CL - Continuous Learning | C6: No formal benchmarking against other nuclear suppliers takes place | D6: Join a NucCol or NIA peer network session at least twice per year and record key takeaways | E6: Managing Director | F6: Ongoing | G6: Open

Sheet Dashboard
B1: NSS-02b | SAFETY CULTURE DASHBOARD
B3: Metric | C3: Value
B4: Average F4N Question Score (out of 10) | C4: ='F4N Question Scoring'!D10
B5: Average Ten Trait Maturity (out of 5) | C5: ='Ten Trait Assessment'!E16
B6: Individual Commitment to Safety - Avg Maturity | C6: ='Ten Trait Assessment'!E19
B7: Management Commitment to Safety - Avg Maturity | C7: ='Ten Trait Assessment'!E20
B8: Management Systems - Avg Maturity | C8: ='Ten Trait Assessment'!E21
B9: Open Improvement Actions | C9: =COUNTIF('Improvement Actions'!G4:G36,"Open")
B10: In Progress Improvement Actions | C10: =COUNTIF('Improvement Actions'!G4:G36,"In Progress")
B11: Closed Improvement Actions | C11: =COUNTIF('Improvement Actions'!G4:G36,"Closed")
