Workbook

Sheet Instructions
B2: NSS-02d | NUCLEAR NEAR MISS AND OPERATING EXPERIENCE (OPEX) LOG
B4: PURPOSE | C4: This log captures near misses, safety observations, and operating experience (OPEX) specifically relevant to nuclear safety culture, graded by nuclear safety significance. It operationalises the Problem Identification and Resolution (PI) and Continuous Learning (CL) traits described in NSS-02a.
B5: HOW THIS DIFFERS FROM YOUR NCR SYSTEM | C5: This log is NOT a replacement for your standard non-conformance reporting (NCR) system or generic root cause analysis tools used elsewhere in your quality management system. Those tools remain the correct place to log product or process non-conformances. This log specifically captures near misses, safety observations, and lessons relevant to nuclear safety culture, including items that would never generate a formal NCR. If an entry here also results in a formal NCR, simply cross-reference the NCR number rather than duplicating the investigation.
B6: WHAT TO LOG | C6: Any near miss, safety observation, or piece of operating experience relevant to nuclear safety. This includes: a procedure not being followed even though no harm resulted; a concern raised by a member of staff about a nuclear safety practice; a lesson learned from an industry alert, client communication, or another site; a positive observation worth reinforcing and sharing, not just a negative one.
B7: SAFETY SIGNIFICANCE GRADING | C7: Each entry is graded for nuclear safety significance: Low (limited relevance to nuclear safety, but worth recording for learning), Medium (a genuine gap that could contribute to a more significant event if repeated or combined with other factors), High (a near miss that, in slightly different circumstances, could have led to a significant nuclear safety event). High significance items should be escalated immediately and not wait for the next review meeting.
B8: LEARNING AND SHARING | C8: The value of this log lies in what happens after an entry is logged. Use the Lessons Shared column to confirm that genuine learning has been communicated, for example through a toolbox talk, a safety briefing, or an update to a procedure. An item that is logged but never shared has only partially delivered its value.
B9: REVIEW FREQUENCY | C9: Review all open entries at least monthly. High significance entries should be reviewed and actioned within one week of being raised. Use the Dashboard sheet to track open items and lessons not yet shared.
B10: RELATIONSHIP TO OTHER TOOLS | C10: This log connects to NSS-02e (Just Culture Framework), which should be used to guide how any individual involved in a near miss is treated. It also connects to NSS-08 Continuous Improvement and Innovation for wider OPEX sharing across the toolkit.
B12: COLUMN GUIDE
B13: Type | C13: Near Miss / Safety Observation / OPEX (External) / Positive Observation
B14: Trait(s) Most Relevant | C14: Which of the ten safety culture traits (NSS-02a) the entry relates to
B15: Safety Significance | C15: Low / Medium / High, based on the potential consequence had circumstances been slightly different
B16: Linked NCR / Other Record | C16: Cross-reference to a formal NCR, incident report, or external alert number if one exists, rather than duplicating the investigation
B17: Lessons Shared | C17: Yes / No / Planned - confirms whether the learning has actually been communicated, not just recorded

Sheet Near Miss and OPEX Log
B1: NSS-02d | NUCLEAR NEAR MISS AND OPERATING EXPERIENCE (OPEX) LOG
B2: Company: | E2: Log Owner: | H2: Version: 1.0 | J2: Last Reviewed:
B3: Ref | C3: Date | D3: Type | E3: Description | F3: Trait(s) Most Relevant | G3: Safety Significance | H3: Immediate Action Taken | I3: Reported By | J3: Investigation Lead | K3: Linked NCR / Other Record | L3: Lessons Shared | M3: Status | N3: Date Closed
B4: =IF(D4<>"","NM-"&TEXT(ROW()-3,"000"),"") | C4: 15/01/2025 | D4: Near Miss | E4: Operator noticed a torque wrench was out of calibration before use on a safety-related fastening operation. Work was stopped before any fastening took place. | F4: IR, QA | G4: Medium | H4: Work stopped immediately, wrench quarantined and sent for recalibration, all fastenings completed that week reviewed | I4: J. Smith | J4: Quality Manager | K4: NCR-0142 | L4: Yes | M4: Closed | N4: 22/01/2025
B5: =IF(D5<>"","NM-"&TEXT(ROW()-3,"000"),"") | C5: 03/02/2025 | D5: Safety Observation | E5: A staff member raised that pre-job briefings were being rushed on Friday afternoons due to time pressure, reducing their effectiveness. | F5: CO, WP | G5: Medium | H5: Briefing standard reinforced with supervisors, Friday scheduling reviewed | I5: Anonymous via RC channel | J5: Operations Manager | L5: Planned | M5: Investigating
B6: =IF(D6<>"","NM-"&TEXT(ROW()-3,"000"),"") | C6: 18/02/2025 | D6: OPEX (External) | E6: Industry alert received from NucCol regarding a CFSI incident involving counterfeit fasteners at another supplier. Reviewed for relevance to our own goods receipt process. | F6: QA, PI | G6: Low | H6: Goods receipt checklist reviewed against alert content, no gaps identified, findings shared at toolbox talk | I6: Quality Manager | J6: Quality Manager | L6: Yes | M6: Closed | N6: 20/02/2025
B7: =IF(D7<>"","NM-"&TEXT(ROW()-3,"000"),"")
B8: =IF(D8<>"","NM-"&TEXT(ROW()-3,"000"),"")
B9: =IF(D9<>"","NM-"&TEXT(ROW()-3,"000"),"")
B10: =IF(D10<>"","NM-"&TEXT(ROW()-3,"000"),"")
B11: =IF(D11<>"","NM-"&TEXT(ROW()-3,"000"),"")
B12: =IF(D12<>"","NM-"&TEXT(ROW()-3,"000"),"")
B13: =IF(D13<>"","NM-"&TEXT(ROW()-3,"000"),"")
B14: =IF(D14<>"","NM-"&TEXT(ROW()-3,"000"),"")
B15: =IF(D15<>"","NM-"&TEXT(ROW()-3,"000"),"")
B16: =IF(D16<>"","NM-"&TEXT(ROW()-3,"000"),"")
B17: =IF(D17<>"","NM-"&TEXT(ROW()-3,"000"),"")
B18: =IF(D18<>"","NM-"&TEXT(ROW()-3,"000"),"")
... B56: =IF(D56<>"","NM-"&TEXT(ROW()-3,"000"),"")

Sheet Dashboard
B1: NSS-02d | NEAR MISS AND OPEX | Dashboard
B3: Metric | C3: Count
B4: Total Entries Logged | C4: =COUNTA('Near Miss and OPEX Log'!D4:D56)
B5: High Significance Entries | C5: =COUNTIF('Near Miss and OPEX Log'!G4:G56,"High")
B6: High Significance Still Open | C6: =COUNTIFS('Near Miss and OPEX Log'!G4:G56,"High",'Near Miss and OPEX Log'!M4:M56,"<>Closed")
B7: Medium Significance Entries | C7: =COUNTIF('Near Miss and OPEX Log'!G4:G56,"Medium")
B8: Low Significance Entries | C8: =COUNTIF('Near Miss and OPEX Log'!G4:G56,"Low")
B9: Open / Investigating | C9: =COUNTIFS('Near Miss and OPEX Log'!M4:M56,"<>Closed",'Near Miss and OPEX Log'!M4:M56,"<>")
B10: Closed | C10: =COUNTIF('Near Miss and OPEX Log'!M4:M56,"Closed")
B11: Lessons Not Yet Shared | C11: =COUNTIF('Near Miss and OPEX Log'!L4:L56,"No")
B12: Positive Observations Logged | C12: =COUNTIF('Near Miss and OPEX Log'!D4:D56,"Positive Observation")
B14: ENTRIES BY TRAIT
B15: IR - Individual Responsibility | C15: =SUMPRODUCT(--ISNUMBER(SEARCH("IR",'Near Miss and OPEX Log'!$F$4:$F$56)))
B16: QA - Questioning Attitude | C16: =SUMPRODUCT(--ISNUMBER(SEARCH("QA",'Near Miss and OPEX Log'!$F$4:$F$56)))
B17: CO - Communication | C17: =SUMPRODUCT(--ISNUMBER(SEARCH("CO",'Near Miss and OPEX Log'!$F$4:$F$56)))
B18: LR - Leader Responsibility | C18: =SUMPRODUCT(--ISNUMBER(SEARCH("LR",'Near Miss and OPEX Log'!$F$4:$F$56)))
B19: DM - Decision-Making | C19: =SUMPRODUCT(--ISNUMBER(SEARCH("DM",'Near Miss and OPEX Log'!$F$4:$F$56)))
B20: WE - Work Environment | C20: =SUMPRODUCT(--ISNUMBER(SEARCH("WE",'Near Miss and OPEX Log'!$F$4:$F$56)))
B21: CL - Continuous Learning | C21: =SUMPRODUCT(--ISNUMBER(SEARCH("CL",'Near Miss and OPEX Log'!$F$4:$F$56)))
B22: PI - Problem Identification and Resolution | C22: =SUMPRODUCT(--ISNUMBER(SEARCH("PI",'Near Miss and OPEX Log'!$F$4:$F$56)))
B23: RC - Raising Concerns | C23: =SUMPRODUCT(--ISNUMBER(SEARCH("RC",'Near Miss and OPEX Log'!$F$4:$F$56)))
B24: WP - Work Planning | C24: =SUMPRODUCT(--ISNUMBER(SEARCH("WP",'Near Miss and OPEX Log'!$F$4:$F$56)))
