Workbook

Sheet Overview
A1: PE-07a | RCA & Problem-Solving Log
A2: NucCol Fit For Nuclear Programme | Process Excellence | Commercial in Confidence
B4: Purpose
B5: This workbook is the working tool for structured problem solving and root cause analysis (RCA). It gives you one place to register every problem, choose the right method, capture the root cause, track countermeasures to closure, and demonstrate at F4N verification that problem-solving skills are trained, deployed and used. Use it daily: every NCR, near miss, customer complaint, machine stoppage or improvement idea should land in the Problem Register.
B10: How to use this workbook
B11: 1. Problem Register | C11: Log every problem here first. One row per problem. Assign an ID, a category (1 to 4) and an owner. Status moves from A to D.
B13: 2. Choose the method | C13: Simple, single-cause problems: use the 3C Chart. Recurring or unclear causes: use 5 Whys or the Fishbone sheet. Major, complex or customer-facing failures: use the 8D Report. Record the method used in the register.
B15: 3. Work the analysis | C15: Complete the relevant analysis sheet. Each sheet contains a completed worked example to guide you. Verify the root cause with evidence before acting.
B17: 4. Countermeasures | C17: Record agreed countermeasures back in the Problem Register with an owner and due date. Prefer error proofing over reminders and retraining.
B19: 5. Close and verify | C19: A problem is only closed (Status D) when the raiser confirms the countermeasure works and recurrence is prevented. Standardise the fix into your SOPs (see PE-06).
B21: 6. Review | C21: Use the Dashboard in your daily and weekly management meetings (link to your SQDCP boards, PE-03). Watch for ageing open problems and repeat causes.
B24: Category key (response priority) | E24: Status key (problem lifecycle)
B25: 1 | C25: Do now: fix immediately at the point of work | E25: A | F25: Problem identified
B26: 2 | C26: Within 1 week: team can resolve | E26: B | F26: Countermeasure proposed and agreed
B27: 3 | C27: Within 1 week: needs external resource or support | E27: C | F27: Countermeasure in progress, owners and targets agreed
B28: 4 | C28: Mid-term activity: plan into the CSIP | E28: D | F28: Problem solved and confirmed by the raiser
B30: F4N context
B31: At F4N verification the assessor will look for evidence that process improvement, problem solving and root cause analysis training (5 Whys, fishbone diagrams, 8D, empowering employees) has been carried out, and how that training has been effectively deployed and utilised. A live, populated version of this workbook, visible KPIs and trained teams are exactly that evidence.

Sheet Problem Register
A1: Problem Register
A2: One row per problem | Status A to D | Commercial in Confidence
A4: ID | B4: Date raised | C4: Raised by | D4: Area / process | E4: Problem description (what, where, when, how many) | F4: Immediate containment action | G4: Method used | H4: Category | I4: Verified root cause | J4: Countermeasure | K4: Owner | L4: Due date | M4: Status | N4: Date closed | O4: Confirmed by raiser | P4: Days open
A5: P-001 | B5: 46028 | C5: T. Mason | D5: CNC Cell 2 | E5: 3 of 25 flange housings rejected at final inspection for bore diameter oversize by 0.04 mm, found on morning shift | F5: Batch quarantined, 100% inspection of remaining WIP, customer notified | G5: 5 Whys | H5: 2 | I5: Boring bar insert wear not detected: tool change frequency set by time, not parts count, and no in-process check after 200 parts | J5: Tool life management changed to parts count with in-process bore check at 50% of tool life; SOP-014 updated | K5: S. Patel | L5: 46042 | M5: D | N5: 46039 | O5: Yes | P5: =IF($B5="","",IF($N5="",TODAY()-$B5,$N5-$B5))
A6: P-002 | B6: 46065 | C6: L. Okafor | D6: Goods Inwards | E6: Certificate of conformity for fastener batch does not match heat number stamped on parts (possible CFSI warning sign) | F6: Batch placed in quarantine cage, supplier contacted, CFSI checklist applied | G6: 8D | H6: 3 | I6: Supplier sub-contracted heat treatment without notification; goods inwards check did not include cert-to-marking cross check | J6: Goods inwards SOP updated to include cert-to-marking verification; supplier corrective action and re-audit scheduled | K6: J. Whitfield | L6: 46094 | M6: C | P6: =IF($B6="","",IF($N6="",TODAY()-$B6,$N6-$B6))
A7: P-003 | B7: 46084 | C7: D. Hughes | D7: Press Shop | E7: Press 4 unplanned stoppage, 45 minutes lost, third occurrence this month | F7: Maintenance reset and restarted press, output recovered on overtime | G7: Fishbone | H7: 2 | I7: Proximity sensor misalignment caused by vibration; mounting bracket not included on PM checklist | J7: Bracket torque check added to weekly PM schedule (PE-07); sensor guard fitted | K7: M. Reid | L7: 46108 | M7: B | P7: =IF($B7="","",IF($N7="",TODAY()-$B7,$N7-$B7))
A8: P-004 | B8: 46091 | C8: A. Kaur | D8: Despatch | E8: Wrong label revision applied to one carton, caught at final check before shipment | F8: Carton relabelled and re-checked, label stock reviewed | G8: 3C | H8: 1 | I8: Old label stock left at workstation after revision change | J8: Obsolete label purge added to document change checklist; single bin per live revision at the workstation | K8: A. Kaur | L8: 46093 | M8: D | N8: 46093 | O8: Yes | P8: =IF($B8="","",IF($N8="",TODAY()-$B8,$N8-$B8))
P9: =IF($B9="","",IF($N9="",TODAY()-$B9,$N9-$B9))
P10: =IF($B10="","",IF($N10="",TODAY()-$B10,$N10-$B10))
P11: =IF($B11="","",IF($N11="",TODAY()-$B11,$N11-$B11))
P12: =IF($B12="","",IF($N12="",TODAY()-$B12,$N12-$B12))
P13: =IF($B13="","",IF($N13="",TODAY()-$B13,$N13-$B13))
P14: =IF($B14="","",IF($N14="",TODAY()-$B14,$N14-$B14))
P15: =IF($B15="","",IF($N15="",TODAY()-$B15,$N15-$B15))
P16: =IF($B16="","",IF($N16="",TODAY()-$B16,$N16-$B16))
P17: =IF($B17="","",IF($N17="",TODAY()-$B17,$N17-$B17))
P18: =IF($B18="","",IF($N18="",TODAY()-$B18,$N18-$B18))
P19: =IF($B19="","",IF($N19="",TODAY()-$B19,$N19-$B19))
P20: =IF($B20="","",IF($N20="",TODAY()-$B20,$N20-$B20))
... P44: =IF($B44="","",IF($N44="",TODAY()-$B44,$N44-$B44))

Sheet Dashboard
A1: Problem-Solving Dashboard
A2: Live summary of the Problem Register | Review at daily and weekly meetings | Commercial in Confidence
B4: Headline measures | E4: By status | H4: By category
E5: Status | F5: Count | H5: Category | I5: Count
B6: Problems logged | C6: =COUNTA('Problem Register'!A5:A44) | E6: A. Identified | F6: =COUNTIF('Problem Register'!$M$5:$M$44,"A") | H6: 1. Do now | I6: =COUNTIF('Problem Register'!$H$5:$H$44,1)
B7: Open (Status A to C) | C7: =COUNTIF('Problem Register'!M5:M44,"A")+COUNTIF('Problem Register'!M5:M44,"B")+COUNTIF('Problem Register'!M5:M44,"C") | E7: B. Agreed | F7: =COUNTIF('Problem Register'!$M$5:$M$44,"B") | H7: 2. 1 week, team | I7: =COUNTIF('Problem Register'!$H$5:$H$44,2)
B8: Closed (Status D) | C8: =COUNTIF('Problem Register'!M5:M44,"D") | E8: C. In progress | F8: =COUNTIF('Problem Register'!$M$5:$M$44,"C") | H8: 3. 1 week, external | I8: =COUNTIF('Problem Register'!$H$5:$H$44,3)
B9: % closed | C9: =IF(C6=0,0,C8/C6) | E9: D. Solved | F9: =COUNTIF('Problem Register'!$M$5:$M$44,"D") | H9: 4. Mid-term | I9: =COUNTIF('Problem Register'!$H$5:$H$44,4)
B10: Average days open (closed items) | C10: =IFERROR(ROUND(AVERAGEIF('Problem Register'!M5:M44,"D",'Problem Register'!P5:P44),1),"")
E11: By method used | H11: Watch items
E12: Method | F12: Count | H12: Measure | I12: Count
B13: Tip: take this dashboard to your daily SQDCP meeting. Status A items need a containment check today; anything open over 30 days needs an escalation decision; repeat causes in the same area signal a deeper root cause. | E13: 3C | F13: =COUNTIF('Problem Register'!$G$5:$G$44,"3C") | H13: Open > 30 days | I13: =SUMPRODUCT(('Problem Register'!$M$5:$M$44<>"D")*('Problem Register'!$M$5:$M$44<>"")*('Problem Register'!$P$5:$P$44>30))
E14: 5 Whys | F14: =COUNTIF('Problem Register'!$G$5:$G$44,"5 Whys") | H14: Awaiting raiser confirmation | I14: =SUMPRODUCT(('Problem Register'!$M$5:$M$44="D")*('Problem Register'!$O$5:$O$44<>"Yes"))
E15: Fishbone | F15: =COUNTIF('Problem Register'!$G$5:$G$44,"Fishbone") | H15: No owner assigned | I15: =SUMPRODUCT(('Problem Register'!$A$5:$A$44<>"")*('Problem Register'!$K$5:$K$44=""))
E16: 8D | F16: =COUNTIF('Problem Register'!$G$5:$G$44,"8D")
E17: A3 | F17: =COUNTIF('Problem Register'!$G$5:$G$44,"A3")

Sheet 3C Chart
A1: 3C Problem Follow-Up Chart
A2: Concern | Cause | Countermeasure: the fast everyday problem-solving tool | Commercial in Confidence
A3: Area: | C3: Project:
A4: No. | B4: Date | C4: Raised by | D4: Concern (description or sketch reference) | E4: Cause (or immediate containment) | F4: Countermeasure action steps | G4: Who (champion) | H4: When (overall) | I4: Category | J4: Status
A5: 3C-01 | B5: 14/04/2026 | C5: R. Bryce | D5: Coolant pooling on floor beside Lathe 1 at shift start, slip risk | E5: Hose clip on return line perished; weekly check does not cover hose condition | F5: 1. Clean and cone off area 2. Replace hose and clip 3. Add hose condition to weekly PM checklist | G5: K. Adams | H5: 21/04/2026 | I5: 2 | J5: C
A27: Category | B27: 1 Do now | D27: 2 Within 1 week: team | F27: 3 Within 1 week: external resource | H27: 4 Mid-term activity
A28: Status | B28: A Problem identified | D28: B Countermeasure proposed and agreed | F28: C In progress, owners and targets agreed | H28: D Solved and confirmed by raiser

Sheet 5 Whys
A1: 5 Whys Worksheet
A2: Ask why until you reach a process cause you can fix | Commercial in Confidence
C4: Your problem (complete this column) | E4: Worked example (for guidance)
B5: Problem statement (what, where, when, how many) | E5: 3 of 25 flange housings rejected at final inspection for bore diameter 0.04 mm oversize, morning shift, CNC Cell 2
B6: Why 1: why did it happen? | E6: The bore was machined oversize
B7: Why 2: why was that? | E7: The boring bar insert was worn beyond limit
B8: Why 3: why was that? | E8: The insert was not changed at the right point
B9: Why 4: why was that? | E9: Tool change is set by elapsed time, not parts count, and this batch ran a harder material
B10: Why 5: why was that? | E10: Tool life rules were set years ago and never reviewed when new materials were introduced; no in-process check exists
B11: Verified root cause (test it: if we fix this, does the problem disappear?) | E11: Tool life management does not reflect actual cutting conditions and there is no in-process detection
B12: Countermeasure | E12: Tool life by parts count per material; in-process bore check at 50% tool life; SOP-014 updated and team briefed
B13: Owner / due date | E13: S. Patel / 20-01-2026
B14: Verification of effectiveness (how, when, by whom) | E14: Zero bore rejects over next 5 batches, checked by quality at final inspection; confirmed 17-01-2026
B16: Pitfalls: stopping at 'operator error' (ask why the process allowed the error); jumping to blame; accepting a cause without evidence. You may need fewer or more than five whys; stop when you reach a cause within your control that, if fixed, prevents recurrence.

Sheet Fishbone
A1: Fishbone (Cause & Effect) Capture Sheet
A2: Brainstorm causes across the 6 Ms, then test the likely ones | Commercial in Confidence
B4: Problem / effect being analysed:
B6: 6M branch | C6: Potential cause | D6: Likelihood | E6: Evidence? | F6: How will we test it / what we found | G6: Selected for action
B7: Manpower (people) | C7: Setter unaware of correct sensor gap | D7: Medium | E7: No | F7: Interviewed both setters; both knew the setting, records confirm | G7: No
B11: Machine | C11: Spindle vibration above limit on Press 4 | D11: High | E11: Yes | F11: Vibration logger fitted for one week; readings exceeded limit on second shift | G11: Yes
B15: Method | C15: PM checklist does not cover sensor bracket | D15: High | E15: Yes | F15: Checked PM schedule against failure point; bracket absent from checklist | G15: Yes
B19: Material
B23: Measurement
B26: Mother Nature (environment)
B30: Italic entries are a worked example (Press 4 stoppage). Brainstorm widely with the team at the workplace, then narrow down: only causes with evidence move forward. Transfer selected causes to the Problem Register and agree countermeasures.

Sheet 8D Report
A1: 8D Problem-Solving Report
A2: For major, complex or customer-facing problems | Commercial in Confidence
B4: 8D reference:
B5: Date opened:
B6: Customer / part affected:
B7: Linked Problem Register ID:
B9: Discipline | C9: Guidance | D9: Your findings / actions | E9: Owner / date / complete?
B10: D0 Prepare and plan | C10: Is 8D the right tool? Confirm the problem justifies a team-based approach. Note symptom, first reported date, and any emergency response taken.
B11: D1 Form the team | C11: Team leader, members, roles. Include people who know the process, the product and the data. Keep it small and empowered.
B12: D2 Describe the problem | C12: Use 5W2H: what, where, when, who, which, how, how many. Is / Is Not analysis sharpens the description. Attach data, photos, part numbers.
B13: D3 Interim containment | C13: Protect the customer now: quarantine, sort, 100% inspection, alternative supply. Verify the containment works and record its cost.
B14: D4 Root cause analysis | C14: Use 5 Whys and the fishbone sheet. Identify both the technical root cause (why it occurred) and the systemic root cause (why it escaped detection). Verify with evidence: turn the cause on and off if you can.
B15: D5 Choose corrective actions | C15: Select permanent corrective actions that remove the verified root causes. Prefer error proofing. Confirm by test or trial that they will work without side effects.
B16: D6 Implement and validate | C16: Implement the corrective actions, remove the interim containment once validated, and measure: has the problem gone at the customer and in-house?
B17: D7 Prevent recurrence | C17: Update SOPs, control plans, FMEAs, PM schedules and training. Read across to similar products, processes and sites.
B18: D8 Recognise the team | C18: Capture lessons learned, close the report, and recognise the team's contribution. Share the learning at your communication boards.
B20: Sign-off
B21: Team leader:
B22: Quality:
B23: Customer informed (if applicable):
B24: Date closed:
