Workbook

Sheet Overview
A1: PE-06b | SOP Register & Version Control Log
A2: NucCol Fit For Nuclear Programme | Process Excellence | Commercial in Confidence
B4: Purpose
B5: This workbook is the control system for your standard operating procedures: one register of every SOP with its current revision, owner and review date; a revision log recording what changed and why; a read-and-understood matrix linking SOPs to trained people; and a live dashboard of review and training status. At F4N verification this register, with live SOPs visible at the point of use during the site tour, is the core evidence for the Standard Operating Procedures criterion.
B10: How to use this workbook
B11: 1. Register every SOP | C11: One row per SOP in the Register. Use a consistent numbering scheme (SOP-001 onwards). The register is the single source of truth for the current revision.
B13: 2. Control revisions | C13: Every change gets a row in the Revision Log: what changed, why (process change, lesson learned via PE-04, audit finding), who wrote and approved it.
B15: 3. Train and record | C15: When an SOP is issued or revised, retrain everyone who performs the task and capture it in the Read & Understood matrix. Mirror this in your skills matrix.
B17: 4. Review on time | C17: Every SOP has a next review date. The Register flags overdue reviews automatically; the Dashboard counts them. Review means checked against current practice at the workplace, not re-dated at a desk.
B19: 5. Purge the obsolete | C19: When a revision is superseded, remove old copies from the point of use immediately (this is a 5S standardise discipline, PE-05). One live revision, everywhere, always.

Sheet SOP Register
A1: SOP Register
A2: Single source of truth for every SOP and its current revision | Commercial in Confidence
A4: SOP no. | B4: Title | C4: Area / process | D4: Owner | E4: Approved by | F4: Current rev | G4: Issue date | H4: Next review date | I4: Days to review | J4: Status | K4: Posted at point of use? | L4: Training current?
A5: SOP-009 | B5: First-off approval, machined components | C5: Machining, all cells | D5: T. Mason | E5: J. Whitfield | F5: B | G5: 45818 | H5: 46183 | I5: =IF($H5="","",$H5-TODAY()) | J5: Issued | K5: Yes | L5: Yes
A6: SOP-014 | B6: In-process bore inspection, flange housings, CNC Cell 2 | C6: CNC Cell 2 | D6: S. Patel | E6: J. Whitfield | F6: C | G6: 46037 | H6: 46402 | I6: =IF($H6="","",$H6-TODAY()) | J6: Issued | K6: Yes | L6: Yes
A7: SOP-021 | B7: Goods inwards check: cert-to-marking verification | C7: Goods Inwards | D7: L. Okafor | E7: J. Whitfield | F7: A | G7: 46094 | H7: 46174 | I7: =IF($H7="","",$H7-TODAY()) | J7: Issued | K7: Yes | L7: No
A8: SOP-022 | B8: Red tag and quarantine area management | C8: Site | D8: M. Reid | E8: J. Whitfield | F8: A | G8: 46132 | H8: 46497 | I8: =IF($H8="","",$H8-TODAY()) | J8: Draft | K8: No | L8: No
I9: =IF($H9="","",$H9-TODAY())
I10: =IF($H10="","",$H10-TODAY())
I11: =IF($H11="","",$H11-TODAY())
I12: =IF($H12="","",$H12-TODAY())
I13: =IF($H13="","",$H13-TODAY())
I14: =IF($H14="","",$H14-TODAY())
I15: =IF($H15="","",$H15-TODAY())
I16: =IF($H16="","",$H16-TODAY())
I17: =IF($H17="","",$H17-TODAY())
I18: =IF($H18="","",$H18-TODAY())
I19: =IF($H19="","",$H19-TODAY())
I20: =IF($H20="","",$H20-TODAY())
... I44: =IF($H44="","",$H44-TODAY())

Sheet Revision Log
A1: Revision Log
A2: Every change, its reason, and its approval | Commercial in Confidence
A4: SOP no. | B4: Rev | C4: Date | D4: Description of change | E4: Reason (process change / lesson learned / audit / review) | F4: Author | G4: Approved by | H4: Retraining done?
A5: SOP-014 | B5: C | C5: 46037 | D5: In-process check frequency set at 50% of tool life; tool life changed to parts count per material grade | E5: Lesson learned: root cause of reject P-001 (PE-04a) | F5: S. Patel | G5: J. Whitfield | H5: Yes
A6: SOP-021 | B6: A | C6: 46094 | D6: New SOP: cert-to-marking cross check added to goods inwards | E6: Lesson learned: CFSI warning sign, problem P-002 (PE-04a) | F6: L. Okafor | G6: J. Whitfield | H6: No

Sheet Read & Understood
A1: Read & Understood Matrix
A2: SOPs against people: who is trained on the current revision | Commercial in Confidence
B4: SOP no. | C4: Rev | D4: S. Patel | E4: K. Adams | F4: R. Bryce | G4: D. Hughes | H4: M. Reid | I4: L. Okafor | J4: A. Kaur | K4: T. Mason
B5: SOP-009 | C5: B | D5: 10/06/25 | E5: 10/06/25 | F5: 11/06/25 | G5: 11/06/25 | K5: 10/06/25
B6: SOP-014 | C6: C | D6: 15/01/26 | E6: 16/01/26 | F6: 16/01/26 | G6: 17/01/26
B7: SOP-021 | C7: A | I7: 13/03/26 | J7: 14/03/26
B8: SOP-022 | C8: A
B26: Enter the date each person signed the read-and-understood record for the current revision (italic entries are examples). When a new revision issues, clear the row and retrain: training against an old revision is not training. Keep this consistent with the site skills matrix.

Sheet Dashboard
A1: SOP System Dashboard
A2: Live status of the SOP system | Review monthly at the management meeting | Commercial in Confidence
B4: Register status | E4: Watch items
B6: SOPs registered | C6: =COUNTA('SOP Register'!A5:A44) | E6: Reviews overdue | F6: =SUMPRODUCT(('SOP Register'!$H$5:$H$44<>"")*(('SOP Register'!$H$5:$H$44-TODAY())<0))
B7: Issued | C7: =COUNTIF('SOP Register'!J5:J44,"Issued") | E7: Reviews due in 30 days | F7: =SUMPRODUCT(('SOP Register'!$H$5:$H$44<>"")*(('SOP Register'!$H$5:$H$44-TODAY())>=0)*(('SOP Register'!$H$5:$H$44-TODAY())<=30))
B8: Draft | C8: =COUNTIF('SOP Register'!J5:J44,"Draft") | E8: Issued but not posted at point of use | F8: =SUMPRODUCT(('SOP Register'!$J$5:$J$44="Issued")*('SOP Register'!$K$5:$K$44="No"))
B9: Obsolete | C9: =COUNTIF('SOP Register'!J5:J44,"Obsolete") | E9: Issued with training not current | F9: =SUMPRODUCT(('SOP Register'!$J$5:$J$44="Issued")*('SOP Register'!$L$5:$L$44="No"))
E10: Revisions awaiting retraining | F10: =COUNTIF('Revision Log'!H5:H44,"No")
B12: Anything in the watch list is a gap between the paper system and reality: an overdue review, an unposted SOP or an untrained operator means the workplace may be running on memory rather than the standard. These are the gaps a verification site tour will find, so find them first.
