Workbook

Sheet Cover
B2: In-Process Inspection Record
B3: Working Tool | PE-09b | Process Excellence | Fit For Nuclear Toolkit
B4: The day-to-day inspection log that puts the Process Control Plan (PE-09a) into practice
B6: Document control
B7: Field | C7: Detail
B8: Document number
B9: Part / product / family
B10: Process / operation covered
B11: Linked control plan | C11: PE-09a, revision ___
B12: Revision | C12: A
B13: Date
B14: Author
B17: How to use this workbook
B18: This workbook records the inspections called for in the Process Control Plan (PE-09a): one entry per check, in the order they happen on the shopfloor.
B19: Sheet 'Inspection Log' is the working sheet. Each row is one inspection event: a part, a batch, or a sample, against one characteristic from the control plan. The Result column calculates Pass or Fail automatically once you enter the measured value and limits.
B20: Sheet 'SPC Run Chart' is for tracking a single Critical characteristic over time, for example the finish-turned outer diameter from the worked example in PE-09a. Enter each measurement as it is taken; the chart updates automatically and shows the target, upper and lower control limits.
B21: Sheet 'RFT Summary' calculates Right First Time, pass rate, and failure counts by characteristic from the Inspection Log, so trends and recurring problem areas are visible without digging through individual rows.
B22: Use the dropdown lists for Result, Action Taken, and Inspector to keep entries consistent.
B23: Anything recorded as a Fail should also be raised through the site's non-conformance process (see PE-04, Root Cause Analysis and Problem-Solving Log) where the issue needs investigation beyond a simple reject and rework.
B25: Commercial in Confidence

Sheet Inspection Log
A1: In-Process Inspection Log
A2: Date | B2: Time | C2: Part / Batch No. | D2: Process Step (from PE-09a) | E2: Characteristic | F2: Inspection Type (First-off / In-process / Last-off / Sample) | G2: Specification (Target) | H2: Lower Limit | I2: Upper Limit | J2: Measured Value | K2: Result | L2: Action Taken | M2: Inspector
A3: 2026-06-09 | B3: 06:15 | C3: WO-22041 / Part 1 | D3: Finish turn outer diameter to size | E3: Outer diameter (critical fit dimension) | F3: First-off | G3: 123.9925 | H3: 123.985 | I3: 124 | J3: 123.991 | K3: =IF(J3="","",IF(AND(J3>=H3,J3<=I3),"Pass","Fail")) | L3: Released to run, recorded on route card | M3: J. Akinyemi
A4: 2026-06-09 | B4: 08:30 | C4: WO-22041 / Part 14 | D4: Finish turn outer diameter to size | E4: Outer diameter (critical fit dimension) | F4: In-process | G4: 123.9925 | H4: 123.985 | I4: 124 | J4: 123.99 | K4: =IF(J4="","",IF(AND(J4>=H4,J4<=I4),"Pass","Fail")) | L4: Within spec, continue | M4: J. Akinyemi
A5: 2026-06-09 | B5: 10:45 | C5: WO-22041 / Part 28 | D5: Finish turn outer diameter to size | E5: Outer diameter (critical fit dimension) | F5: In-process | G5: 123.9925 | H5: 123.985 | I5: 124 | J5: 123.984 | K5: =IF(J5="","",IF(AND(J5>=H5,J5<=I5),"Pass","Fail")) | L5: Out of spec, stopped production, quarantined part 28 and parts 26-27, recalibrated offset, recheck part 29 before resuming | M5: J. Akinyemi
A6: 2026-06-09 | B6: 11:05 | C6: WO-22041 / Part 29 | D6: Finish turn outer diameter to size | E6: Outer diameter (critical fit dimension) | F6: In-process | G6: 123.9925 | H6: 123.985 | I6: 124 | J6: 123.992 | K6: =IF(J6="","",IF(AND(J6>=H6,J6<=I6),"Pass","Fail")) | L6: Within spec after offset correction, resumed production | M6: J. Akinyemi
A7: 2026-06-09 | B7: 14:50 | C7: WO-22041 / Part 50 | D7: Finish turn outer diameter to size | E7: Outer diameter (critical fit dimension) | F7: Last-off | G7: 123.9925 | H7: 123.985 | I7: 124 | J7: 123.989 | K7: =IF(J7="","",IF(AND(J7>=H7,J7<=I7),"Pass","Fail")) | L7: Batch complete, within spec, route card signed off | M7: J. Akinyemi
K8: =IF(J8="","",IF(AND(J8>=H8,J8<=I8),"Pass","Fail"))
K9: =IF(J9="","",IF(AND(J9>=H9,J9<=I9),"Pass","Fail"))
K10: =IF(J10="","",IF(AND(J10>=H10,J10<=I10),"Pass","Fail"))
K11: =IF(J11="","",IF(AND(J11>=H11,J11<=I11),"Pass","Fail"))
K12: =IF(J12="","",IF(AND(J12>=H12,J12<=I12),"Pass","Fail"))
K13: =IF(J13="","",IF(AND(J13>=H13,J13<=I13),"Pass","Fail"))
K14: =IF(J14="","",IF(AND(J14>=H14,J14<=I14),"Pass","Fail"))
K15: =IF(J15="","",IF(AND(J15>=H15,J15<=I15),"Pass","Fail"))
K16: =IF(J16="","",IF(AND(J16>=H16,J16<=I16),"Pass","Fail"))
K17: =IF(J17="","",IF(AND(J17>=H17,J17<=I17),"Pass","Fail"))
K18: =IF(J18="","",IF(AND(J18>=H18,J18<=I18),"Pass","Fail"))
K19: =IF(J19="","",IF(AND(J19>=H19,J19<=I19),"Pass","Fail"))
... K37: =IF(J37="","",IF(AND(J37>=H37,J37<=I37),"Pass","Fail"))

Sheet SPC Run Chart
A1: SPC Run Chart
A2: Track one Critical characteristic over time. Worked example: outer diameter, finish turn (PE-09a, step 3)
A4: Characteristic | B4: Outer diameter (critical fit dimension), finish turn
A5: Target / Nominal | B5: 123.9925
A6: Upper Control Limit (UCL) | B6: 124
A7: Lower Control Limit (LCL) | B7: 123.985
A9: Sample No. | B9: Part / Batch No. | C9: Measured Value | D9: Target | E9: UCL | F9: LCL
A10: 1 | B10: Part 1 (first-off) | C10: 123.991 | D10: =$B$5 | E10: =$B$6 | F10: =$B$7
A11: 2 | B11: Part 14 | C11: 123.99 | D11: =$B$5 | E11: =$B$6 | F11: =$B$7
A12: 3 | B12: Part 28 | C12: 123.984 | D12: =$B$5 | E12: =$B$6 | F12: =$B$7
A13: 4 | B13: Part 29 | C13: 123.992 | D13: =$B$5 | E13: =$B$6 | F13: =$B$7
A14: 5 | B14: Part 50 (last-off) | C14: 123.989 | D14: =$B$5 | E14: =$B$6 | F14: =$B$7
A15: 6 | D15: =$B$5 | E15: =$B$6 | F15: =$B$7
A16: 7 | D16: =$B$5 | E16: =$B$6 | F16: =$B$7
A17: 8 | D17: =$B$5 | E17: =$B$6 | F17: =$B$7
A18: 9 | D18: =$B$5 | E18: =$B$6 | F18: =$B$7
A19: 10 | D19: =$B$5 | E19: =$B$6 | F19: =$B$7
A20: 11 | D20: =$B$5 | E20: =$B$6 | F20: =$B$7
A21: 12 | D21: =$B$5 | E21: =$B$6 | F21: =$B$7
A22: 13 | D22: =$B$5 | E22: =$B$6 | F22: =$B$7
A23: 14 | D23: =$B$5 | E23: =$B$6 | F23: =$B$7
A24: 15 | D24: =$B$5 | E24: =$B$6 | F24: =$B$7
A25: 16 | D25: =$B$5 | E25: =$B$6 | F25: =$B$7
A26: 17 | D26: =$B$5 | E26: =$B$6 | F26: =$B$7
... A39: 30 | D39: =$B$5 | E39: =$B$6 | F39: =$B$7
A41: Reading this chart
A42: Each point is one measurement, in the order it was taken. The target line shows the nominal dimension; the UCL and LCL lines show the specification limits from the drawing.
A43: A point outside the UCL or LCL lines is an out-of-specification result and should already have triggered the reaction plan from PE-09a (stop, quarantine, investigate).
A44: Watch for trends even when points are within limits: a steady drift toward one limit over several samples (as seen between samples 1 to 3 in the worked example) is an early warning that should prompt a check before a part actually fails.
A45: Start a new chart, or a new section on this sheet, for each new batch, tooling change, or whenever the control plan is revised for this characteristic.

Sheet RFT Summary
A1: RFT Summary
A2: Right First Time and pass rate, calculated live from the Inspection Log
A4: Overall result
A5: Metric | B5: Value
A6: Total inspections recorded | B6: =COUNTA('Inspection Log'!K3:K37)-COUNTIF('Inspection Log'!K3:K37,"")
A7: Total Pass | B7: =COUNTIF('Inspection Log'!K3:K37,"Pass")
A8: Total Fail | B8: =COUNTIF('Inspection Log'!K3:K37,"Fail")
A9: Right First Time (RFT) | B9: =IF(B6=0,"-",B7/B6)
A11: By process step
A12: Process Step | B12: Inspections | C12: Pass | D12: Fail | E12: Pass Rate
A13: Receive and verify raw material certificate | B13: =COUNTIF('Inspection Log'!D3:D37,A13) | C13: =COUNTIFS('Inspection Log'!D3:D37,A13,'Inspection Log'!K3:K37,"Pass") | D13: =COUNTIFS('Inspection Log'!D3:D37,A13,'Inspection Log'!K3:K37,"Fail") | E13: =IF(B13=0,"-",C13/B13)
A14: Rough turn outer diameter | B14: =COUNTIF('Inspection Log'!D3:D37,A14) | C14: =COUNTIFS('Inspection Log'!D3:D37,A14,'Inspection Log'!K3:K37,"Pass") | D14: =COUNTIFS('Inspection Log'!D3:D37,A14,'Inspection Log'!K3:K37,"Fail") | E14: =IF(B14=0,"-",C14/B14)
A15: Finish turn outer diameter to size | B15: =COUNTIF('Inspection Log'!D3:D37,A15) | C15: =COUNTIFS('Inspection Log'!D3:D37,A15,'Inspection Log'!K3:K37,"Pass") | D15: =COUNTIFS('Inspection Log'!D3:D37,A15,'Inspection Log'!K3:K37,"Fail") | E15: =IF(B15=0,"-",C15/B15)
A16: Drill and tap bolt holes | B16: =COUNTIF('Inspection Log'!D3:D37,A16) | C16: =COUNTIFS('Inspection Log'!D3:D37,A16,'Inspection Log'!K3:K37,"Pass") | D16: =COUNTIFS('Inspection Log'!D3:D37,A16,'Inspection Log'!K3:K37,"Fail") | E16: =IF(B16=0,"-",C16/B16)
A17: Heat treatment (subcontracted) | B17: =COUNTIF('Inspection Log'!D3:D37,A17) | C17: =COUNTIFS('Inspection Log'!D3:D37,A17,'Inspection Log'!K3:K37,"Pass") | D17: =COUNTIFS('Inspection Log'!D3:D37,A17,'Inspection Log'!K3:K37,"Fail") | E17: =IF(B17=0,"-",C17/B17)
A18: Final inspection before despatch | B18: =COUNTIF('Inspection Log'!D3:D37,A18) | C18: =COUNTIFS('Inspection Log'!D3:D37,A18,'Inspection Log'!K3:K37,"Pass") | D18: =COUNTIFS('Inspection Log'!D3:D37,A18,'Inspection Log'!K3:K37,"Fail") | E18: =IF(B18=0,"-",C18/B18)
A19: Pack and label | B19: =COUNTIF('Inspection Log'!D3:D37,A19) | C19: =COUNTIFS('Inspection Log'!D3:D37,A19,'Inspection Log'!K3:K37,"Pass") | D19: =COUNTIFS('Inspection Log'!D3:D37,A19,'Inspection Log'!K3:K37,"Fail") | E19: =IF(B19=0,"-",C19/B19)
A21: Using this summary
A22: RFT (Right First Time) is the percentage of inspections that passed without any adjustment, rework, or rejection. A falling RFT trend, even if still within target, is worth investigating before it becomes a problem.
A23: The by-process-step table will show '-' for steps with no inspections recorded yet, and will populate automatically as the Inspection Log fills in. Process step names must match exactly between this sheet and the Inspection Log (they are pre-populated to match the PE-09a worked example).
A24: Review this summary at each control plan review (PE-09a) and shift handover where relevant (PE-08a), so that recurring issues at a particular step are visible to the people who can act on them.
